-- phpMyAdmin SQL Dump
-- version 5.0.2
-- https://www.phpmyadmin.net/
--
-- Host: 127.0.0.1
-- Generation Time: Apr 12, 2021 at 12:49 PM
-- Server version: 10.4.14-MariaDB
-- PHP Version: 7.4.9

SET SQL_MODE = "NO_AUTO_VALUE_ON_ZERO";
START TRANSACTION;
SET time_zone = "+00:00";


/*!40101 SET @OLD_CHARACTER_SET_CLIENT=@@CHARACTER_SET_CLIENT */;
/*!40101 SET @OLD_CHARACTER_SET_RESULTS=@@CHARACTER_SET_RESULTS */;
/*!40101 SET @OLD_COLLATION_CONNECTION=@@COLLATION_CONNECTION */;
/*!40101 SET NAMES utf8mb4 */;

--
-- Database: `eapi`
--

-- --------------------------------------------------------

--
-- Table structure for table `migrations`
--

CREATE TABLE `migrations` (
  `id` int(10) UNSIGNED NOT NULL,
  `migration` varchar(255) COLLATE utf8mb4_unicode_ci NOT NULL,
  `batch` int(11) NOT NULL
) ENGINE=InnoDB DEFAULT CHARSET=utf8mb4 COLLATE=utf8mb4_unicode_ci;

--
-- Dumping data for table `migrations`
--

INSERT INTO `migrations` (`id`, `migration`, `batch`) VALUES
(9, '2014_10_12_000000_create_users_table', 1),
(10, '2014_10_12_100000_create_password_resets_table', 1),
(11, '2021_04_12_092438_create_products_table', 1),
(12, '2021_04_12_092519_create_reviews_table', 1);

-- --------------------------------------------------------

--
-- Table structure for table `password_resets`
--

CREATE TABLE `password_resets` (
  `email` varchar(255) COLLATE utf8mb4_unicode_ci NOT NULL,
  `token` varchar(255) COLLATE utf8mb4_unicode_ci NOT NULL,
  `created_at` timestamp NULL DEFAULT NULL
) ENGINE=InnoDB DEFAULT CHARSET=utf8mb4 COLLATE=utf8mb4_unicode_ci;

-- --------------------------------------------------------

--
-- Table structure for table `products`
--

CREATE TABLE `products` (
  `id` int(10) UNSIGNED NOT NULL,
  `name` varchar(255) COLLATE utf8mb4_unicode_ci NOT NULL,
  `detail` text COLLATE utf8mb4_unicode_ci NOT NULL,
  `price` int(11) NOT NULL,
  `stock` int(11) NOT NULL,
  `discount` int(11) NOT NULL,
  `created_at` timestamp NULL DEFAULT NULL,
  `updated_at` timestamp NULL DEFAULT NULL
) ENGINE=InnoDB DEFAULT CHARSET=utf8mb4 COLLATE=utf8mb4_unicode_ci;

--
-- Dumping data for table `products`
--

INSERT INTO `products` (`id`, `name`, `detail`, `price`, `stock`, `discount`, `created_at`, `updated_at`) VALUES
(1, 'quis', 'Repudiandae dicta qui quam qui est aliquid culpa consequatur. In provident illum ea animi perferendis. Quia exercitationem beatae et facilis et. Dolor nam voluptates earum impedit.', 929, 4, 30, '2021-04-12 03:46:51', '2021-04-12 03:46:51'),
(2, 'dignissimos', 'Praesentium rerum ullam soluta qui quia voluptatem deserunt exercitationem. Ratione consectetur odio blanditiis unde inventore laboriosam. Officiis dolorum provident commodi eum non enim repudiandae. Similique sint eaque temporibus ea consequatur blanditiis vero.', 194, 1, 3, '2021-04-12 03:46:51', '2021-04-12 03:46:51'),
(3, 'repudiandae', 'In aut voluptatem cum itaque harum. Qui voluptatem assumenda voluptas facere. Voluptas vitae consequatur ipsum non est ipsam. Provident magni veritatis architecto omnis perferendis.', 988, 4, 5, '2021-04-12 03:46:51', '2021-04-12 03:46:51'),
(4, 'sed', 'Molestiae modi id doloribus commodi. Illo omnis dolorem aut ut. Voluptatibus ut aperiam aspernatur voluptatibus. Praesentium aut reprehenderit commodi id placeat tempora vel.', 317, 3, 16, '2021-04-12 03:46:51', '2021-04-12 03:46:51'),
(5, 'autem', 'Iste numquam autem ducimus dolorem. Veniam soluta non qui provident. Nihil quo omnis ipsam eaque et rerum voluptas earum. Est ut voluptatem iusto modi tenetur. Molestiae repellat fugiat cum illo eos.', 668, 5, 8, '2021-04-12 03:46:51', '2021-04-12 03:46:51'),
(6, 'rem', 'Repellendus vitae voluptatem sit aut excepturi. Vero expedita autem optio vero sed. Quod ipsam culpa possimus et modi sit. Laborum minima ut et esse sint suscipit qui.', 715, 4, 11, '2021-04-12 03:46:51', '2021-04-12 03:46:51'),
(7, 'quisquam', 'Laborum doloribus sed omnis reiciendis. Quis rem distinctio dicta ut rerum similique. Animi repudiandae aspernatur et eaque voluptatem est totam. Molestiae quo ipsum rerum facere neque.', 558, 9, 28, '2021-04-12 03:46:51', '2021-04-12 03:46:51'),
(8, 'autem', 'Aut officia velit qui quaerat magnam et. Veritatis incidunt libero totam non. Asperiores sed officiis rerum ad officiis. Ad amet expedita rerum.', 912, 8, 20, '2021-04-12 03:46:51', '2021-04-12 03:46:51'),
(9, 'accusantium', 'Aperiam occaecati earum molestiae velit sed voluptatibus. Odit voluptatum ex ut molestias. Eum illum similique velit sequi. Neque ullam totam sequi error.', 699, 1, 19, '2021-04-12 03:46:51', '2021-04-12 03:46:51'),
(10, 'et', 'Perspiciatis voluptate numquam sunt quidem non. Vel eveniet dolor ut quos omnis inventore aperiam. Qui dolore nesciunt consequatur laboriosam et aut nobis.', 234, 1, 23, '2021-04-12 03:46:51', '2021-04-12 03:46:51'),
(11, 'voluptatem', 'Nisi aut perspiciatis necessitatibus ad rerum dolores. Maxime sed qui aliquid quia totam provident.', 266, 6, 17, '2021-04-12 03:46:51', '2021-04-12 03:46:51'),
(12, 'error', 'Non voluptate nihil nam eos. Et ab unde qui rerum nemo assumenda. Dicta debitis doloribus facilis aspernatur est et eaque delectus.', 283, 0, 27, '2021-04-12 03:46:51', '2021-04-12 03:46:51'),
(13, 'sint', 'In quia culpa fugiat aspernatur voluptatum et ut. Eveniet voluptate aspernatur recusandae quia ut. Cupiditate deserunt consequatur in. Ab provident enim aut rerum sunt sit exercitationem.', 397, 6, 3, '2021-04-12 03:46:51', '2021-04-12 03:46:51'),
(14, 'reiciendis', 'Animi et ut sint vel explicabo sapiente quibusdam. Sed vel voluptatem voluptas nostrum autem. Voluptatem facere rerum illum.', 241, 9, 27, '2021-04-12 03:46:52', '2021-04-12 03:46:52'),
(15, 'omnis', 'Corporis molestias neque culpa eaque eum nisi iusto. Blanditiis aut earum occaecati laborum et a odit. Autem error magni et porro fugit dolores.', 777, 1, 23, '2021-04-12 03:46:52', '2021-04-12 03:46:52'),
(16, 'quisquam', 'Id corrupti non et aut. Enim quo doloremque autem eos quisquam atque. Explicabo est nesciunt molestiae aspernatur dolor. Iste enim molestiae repellat distinctio laudantium quisquam.', 590, 2, 29, '2021-04-12 03:46:52', '2021-04-12 03:46:52'),
(17, 'voluptas', 'Fugiat qui doloremque sed officia quia. Praesentium quia consequatur blanditiis debitis libero earum. Amet esse aliquam et quidem suscipit tempore blanditiis. Labore voluptas et laudantium vitae sed distinctio perferendis.', 139, 6, 19, '2021-04-12 03:46:52', '2021-04-12 03:46:52'),
(18, 'consequuntur', 'Sed qui voluptatem dolorum non odit quisquam et. Qui laudantium est adipisci quo vitae quidem odit. Et repellat eveniet odio illo qui sed aut. Quidem fuga numquam harum voluptas molestiae laborum. Sed et omnis corporis ut optio.', 945, 8, 19, '2021-04-12 03:46:52', '2021-04-12 03:46:52'),
(19, 'aspernatur', 'Cum dolorum mollitia nesciunt. Laudantium repellat soluta aperiam est. Possimus dignissimos qui asperiores aut eius culpa delectus.', 747, 8, 10, '2021-04-12 03:46:52', '2021-04-12 03:46:52'),
(20, 'placeat', 'Omnis est tenetur fuga pariatur ipsa. Ipsum et ut quod eveniet fugiat deleniti. Iste aut rerum magni qui iure ipsa exercitationem. Officia quisquam debitis voluptatem tempora.', 769, 5, 26, '2021-04-12 03:46:52', '2021-04-12 03:46:52'),
(21, 'illo', 'Minima reiciendis repellat et iusto et. Fuga suscipit dolor quas ut est omnis suscipit. Doloribus et esse eum. Sint velit veritatis magni sapiente explicabo amet voluptatem quo.', 662, 2, 11, '2021-04-12 03:46:52', '2021-04-12 03:46:52'),
(22, 'voluptatem', 'Suscipit fuga nostrum omnis quis. Accusantium est quidem alias optio quas expedita. Ut alias voluptatem totam cupiditate voluptatem vel. Eius esse facere omnis ipsa explicabo id perferendis.', 743, 8, 6, '2021-04-12 03:46:52', '2021-04-12 03:46:52'),
(23, 'reiciendis', 'Voluptas quos consequuntur animi quidem. Fugit facere autem voluptas possimus eius reprehenderit praesentium hic. Cumque et sed distinctio officiis corrupti. Esse est commodi et sit nihil nam. Et quo explicabo eaque voluptatem fugit.', 708, 8, 28, '2021-04-12 03:46:52', '2021-04-12 03:46:52'),
(24, 'voluptas', 'Beatae neque eum porro. Laborum quia laboriosam quidem sint et dolorum. Beatae id porro commodi at et.', 371, 8, 24, '2021-04-12 03:46:52', '2021-04-12 03:46:52'),
(25, 'eveniet', 'Consequatur tempora ea eius est id repudiandae ea repellendus. Quaerat in sint in harum quisquam exercitationem.', 438, 3, 29, '2021-04-12 03:46:53', '2021-04-12 03:46:53'),
(26, 'consequuntur', 'Alias ullam unde minima sapiente et assumenda. Aut unde quia tenetur cupiditate optio aspernatur porro. Et nemo provident hic dolore velit nisi omnis. Commodi cum officia sequi et.', 237, 7, 4, '2021-04-12 03:46:53', '2021-04-12 03:46:53'),
(27, 'debitis', 'Saepe facilis et provident distinctio nihil. Odio voluptatem et sint placeat voluptas. Nihil vel magni ducimus exercitationem modi est ducimus. Omnis omnis odit architecto sint aut.', 377, 7, 9, '2021-04-12 03:46:53', '2021-04-12 03:46:53'),
(28, 'consequatur', 'Est exercitationem et reiciendis. Eum repellendus voluptatum voluptas quaerat. Rerum autem veniam unde voluptatibus nostrum cumque. Esse laboriosam impedit similique laudantium.', 154, 3, 27, '2021-04-12 03:46:53', '2021-04-12 03:46:53'),
(29, 'velit', 'Neque quam voluptatem consequatur aut nostrum eos voluptas. Voluptate mollitia quas eum est qui. Dolor odio vero rerum natus nulla.', 454, 7, 27, '2021-04-12 03:46:53', '2021-04-12 03:46:53'),
(30, 'omnis', 'Quos sed error ipsum. Voluptas non beatae praesentium enim. Consequatur dignissimos inventore consequatur reprehenderit. Earum eius eum ut praesentium eveniet.', 204, 4, 9, '2021-04-12 03:46:53', '2021-04-12 03:46:53'),
(31, 'amet', 'Qui consectetur dolor qui ipsam laborum adipisci quas. Ab ut exercitationem recusandae fugit. Voluptas non incidunt aliquid saepe quam numquam molestiae.', 337, 9, 6, '2021-04-12 03:46:53', '2021-04-12 03:46:53'),
(32, 'consequatur', 'Voluptatum nam voluptate numquam. Consequatur voluptatem cupiditate adipisci quaerat nam. Aliquam quo ut aut omnis porro harum omnis.', 403, 3, 6, '2021-04-12 03:46:53', '2021-04-12 03:46:53'),
(33, 'unde', 'Vel quos dignissimos rerum assumenda accusamus dignissimos eos. Vitae in sed asperiores eos nostrum et aliquam. Dolor perspiciatis sit maiores fugit laudantium temporibus.', 959, 9, 25, '2021-04-12 03:46:54', '2021-04-12 03:46:54'),
(34, 'ut', 'Architecto velit incidunt est. Enim incidunt qui quisquam doloribus est dolorem mollitia. Nam velit iste enim voluptate voluptas quo. Nemo non dolor asperiores veritatis velit.', 701, 5, 14, '2021-04-12 03:46:54', '2021-04-12 03:46:54'),
(35, 'repudiandae', 'Minus vitae ipsam sit atque ab error. Veritatis asperiores eum tempora est non. Aut et amet vel aperiam. Et eum eveniet dolores ipsa aliquam voluptate.', 977, 9, 3, '2021-04-12 03:46:54', '2021-04-12 03:46:54'),
(36, 'est', 'Et iste voluptatem repellendus facere distinctio deserunt. Quidem perspiciatis minima facere. Consequuntur sed deserunt perspiciatis rerum non.', 665, 2, 26, '2021-04-12 03:46:54', '2021-04-12 03:46:54'),
(37, 'distinctio', 'Est quo autem ut quia ducimus fugiat. Est qui natus quas quisquam rerum.', 844, 7, 13, '2021-04-12 03:46:54', '2021-04-12 03:46:54'),
(38, 'est', 'Et vero blanditiis eos voluptatibus id. Quo sunt non sunt ut ipsa pariatur excepturi. Veritatis molestiae aut non fugit et. Totam nihil qui unde doloremque. Dolores quaerat cum pariatur.', 506, 5, 9, '2021-04-12 03:46:54', '2021-04-12 03:46:54'),
(39, 'animi', 'Consequatur eos at ea est sit quis reiciendis. Tempora ut eveniet est. Minima expedita eum molestiae aut consequuntur.', 816, 8, 25, '2021-04-12 03:46:54', '2021-04-12 03:46:54'),
(40, 'autem', 'Et aliquam laborum architecto numquam reiciendis. Magni a voluptatem illum autem ea. Quos facilis aut sint ut odio.', 716, 0, 18, '2021-04-12 03:46:54', '2021-04-12 03:46:54'),
(41, 'dolorem', 'Distinctio beatae quo a reprehenderit cupiditate vel quae qui. Neque est expedita occaecati maxime et. Nobis nihil suscipit quae eum enim consequatur praesentium.', 560, 6, 25, '2021-04-12 03:46:54', '2021-04-12 03:46:54'),
(42, 'voluptates', 'Animi eos molestiae atque voluptas. Sed quidem consequatur reiciendis necessitatibus totam dicta. Nihil debitis delectus ea sint aut.', 728, 6, 24, '2021-04-12 03:46:54', '2021-04-12 03:46:54'),
(43, 'possimus', 'Ratione quia qui pariatur porro facere. At velit debitis dolores assumenda dolores iusto qui. Ex sunt iusto ea maiores est iure sequi. Facilis quod dolor ullam quia cupiditate quia modi.', 249, 7, 9, '2021-04-12 03:46:54', '2021-04-12 03:46:54'),
(44, 'animi', 'Voluptas consequatur provident dolorum. Rerum sequi et dolore repudiandae.', 929, 3, 7, '2021-04-12 03:46:54', '2021-04-12 03:46:54'),
(45, 'facere', 'Id repudiandae ut est amet molestias quaerat. Cumque quis eos asperiores debitis. Qui ducimus incidunt dolorum facere excepturi nihil.', 493, 2, 5, '2021-04-12 03:46:55', '2021-04-12 03:46:55'),
(46, 'est', 'Rerum dolorem fugit sint sed ullam in soluta. Optio id blanditiis veritatis atque. Deleniti animi aut et ipsam nam.', 136, 1, 13, '2021-04-12 03:46:55', '2021-04-12 03:46:55'),
(47, 'molestias', 'Temporibus enim natus culpa. Pariatur enim officiis autem explicabo. Debitis illo aut recusandae. Magni omnis natus et rerum eum nihil animi sed.', 705, 0, 6, '2021-04-12 03:46:55', '2021-04-12 03:46:55'),
(48, 'et', 'Odio qui dolores et et facilis. Ea ex excepturi reprehenderit ex architecto vero quisquam. Quam porro suscipit ea dignissimos.', 507, 2, 29, '2021-04-12 03:46:55', '2021-04-12 03:46:55'),
(49, 'ea', 'Dolores beatae ipsam quia sunt ducimus. Deleniti cum beatae repudiandae esse delectus qui quas quidem. Modi aut quae excepturi cupiditate ut pariatur et eos. Maiores labore incidunt animi exercitationem molestiae mollitia nostrum.', 685, 3, 20, '2021-04-12 03:46:55', '2021-04-12 03:46:55'),
(50, 'architecto', 'Provident illo eos tenetur dolorem. Reprehenderit molestiae nihil totam omnis vero sit molestias. Dolorem reprehenderit maxime sed sit quo sed. Magnam quia vero officia veritatis dolor quod.', 274, 5, 27, '2021-04-12 03:46:55', '2021-04-12 03:46:55');

-- --------------------------------------------------------

--
-- Table structure for table `reviews`
--

CREATE TABLE `reviews` (
  `id` int(10) UNSIGNED NOT NULL,
  `product_id` int(10) UNSIGNED NOT NULL,
  `customer` varchar(255) COLLATE utf8mb4_unicode_ci NOT NULL,
  `review` text COLLATE utf8mb4_unicode_ci NOT NULL,
  `star` int(11) NOT NULL,
  `created_at` timestamp NULL DEFAULT NULL,
  `updated_at` timestamp NULL DEFAULT NULL
) ENGINE=InnoDB DEFAULT CHARSET=utf8mb4 COLLATE=utf8mb4_unicode_ci;

--
-- Dumping data for table `reviews`
--

INSERT INTO `reviews` (`id`, `product_id`, `customer`, `review`, `star`, `created_at`, `updated_at`) VALUES
(1, 50, 'Ms. Maxie Reilly Jr.', 'Eaque ipsam excepturi autem fugit recusandae sit. Eveniet id dolorem est omnis dolorem dolor. Sed sequi voluptas nam hic omnis sit in.', 5, '2021-04-12 03:46:56', '2021-04-12 03:46:56'),
(2, 48, 'Ms. Name D\'Amore', 'Enim amet voluptatem nihil molestiae. Repellendus totam nihil accusamus veniam vel. Est id perspiciatis mollitia tempora aut veniam. Ut magnam quas consequatur labore possimus quia.', 5, '2021-04-12 03:46:56', '2021-04-12 03:46:56'),
(3, 21, 'Quinton Hermann', 'Fuga qui eum quae perferendis sunt occaecati voluptatem. Dolorem recusandae velit possimus dolores vel quam et. Sit amet magni quo quam vel earum esse. Placeat ipsa non doloribus deserunt dolor illo.', 1, '2021-04-12 03:46:56', '2021-04-12 03:46:56'),
(4, 40, 'Corrine Kohler PhD', 'Consequatur quo itaque enim quibusdam qui. Magni magnam ipsum quia. Dicta dignissimos ut sapiente.', 1, '2021-04-12 03:46:56', '2021-04-12 03:46:56'),
(5, 32, 'Frances Carroll', 'Laborum error tempore nesciunt sint ex. Repellendus delectus alias aliquid molestiae maxime et. Non praesentium commodi delectus a quae.', 4, '2021-04-12 03:46:56', '2021-04-12 03:46:56'),
(6, 8, 'Miss Leanne Stoltenberg DVM', 'Exercitationem explicabo qui nesciunt sequi voluptatem rem et. Ut cupiditate magni natus voluptate a consequatur alias. Consequatur qui modi ad. Reiciendis sunt ut corrupti sed quia officia et.', 5, '2021-04-12 03:46:56', '2021-04-12 03:46:56'),
(7, 48, 'Jamir Kris', 'Et sed aut a cumque quia. Quisquam est quisquam non aut. Maxime distinctio labore quod impedit sapiente voluptatem perferendis.', 2, '2021-04-12 03:46:56', '2021-04-12 03:46:56'),
(8, 11, 'Angeline Senger', 'Est sunt repellat vitae in accusantium et vitae. Odit ex voluptate doloremque doloremque. Quis esse deleniti illum in corrupti a qui.', 5, '2021-04-12 03:46:56', '2021-04-12 03:46:56'),
(9, 7, 'Adriana Leffler IV', 'Rem asperiores aut esse soluta. Beatae consectetur et similique. Et eos repellendus quidem molestiae et rem. Molestiae ut ea expedita recusandae. Repellat rerum minus iusto similique quos.', 2, '2021-04-12 03:46:56', '2021-04-12 03:46:56'),
(10, 37, 'Prof. Casimir Kihn PhD', 'Sequi sunt repellat qui doloremque assumenda mollitia. Iste ut voluptatem ea natus magnam aperiam. Et non molestias ab nisi. Quaerat optio laboriosam cumque nihil at.', 5, '2021-04-12 03:46:56', '2021-04-12 03:46:56'),
(11, 21, 'Dr. Emmet Weber', 'Sint hic consequuntur voluptatibus. Facere harum eaque consectetur cumque. Itaque modi tempore omnis voluptates est voluptatum qui. Corporis aut eligendi laborum eos deserunt dicta consequatur.', 1, '2021-04-12 03:46:56', '2021-04-12 03:46:56'),
(12, 5, 'Francisca Miller', 'Quisquam qui ullam inventore reiciendis necessitatibus quasi ut officiis. Pariatur quibusdam similique illum molestias quam nemo iste.', 1, '2021-04-12 03:46:56', '2021-04-12 03:46:56'),
(13, 1, 'Prof. Meaghan Schiller MD', 'Aut nisi eum et. Voluptates cumque culpa omnis sequi harum eligendi quae. Reiciendis sit accusantium consequatur dolores sed voluptas aut. Quia repellendus recusandae facilis.', 0, '2021-04-12 03:46:56', '2021-04-12 03:46:56'),
(14, 32, 'Dr. Sonya Stokes', 'Dolorem nam nihil voluptas. Pariatur alias laudantium sit in. Ipsa totam explicabo ex sint voluptas nulla rerum ab. Omnis sit rem repellat eveniet est laboriosam rem.', 1, '2021-04-12 03:46:56', '2021-04-12 03:46:56'),
(15, 33, 'Amely Oberbrunner', 'Ullam est aut provident eveniet fugiat magni est. Ducimus rerum aut consequatur labore nobis qui at. Fugit voluptatem mollitia rerum numquam. Rem magnam dolorem non quis fuga animi.', 4, '2021-04-12 03:46:56', '2021-04-12 03:46:56'),
(16, 43, 'Mr. Vince Maggio MD', 'Commodi voluptatem enim excepturi id. Et molestias iste ab odio iusto. Voluptas et qui inventore hic harum. Ea labore ut tempore nam occaecati aut.', 2, '2021-04-12 03:46:56', '2021-04-12 03:46:56'),
(17, 30, 'Mason Frami', 'Repudiandae accusantium sunt pariatur corrupti deserunt nam in. Ut sit quam sequi vero sint. Explicabo ut commodi possimus tempore occaecati velit omnis. Magnam tempora dignissimos rerum et. Sit quas tempore eveniet voluptas ea vel repellendus.', 5, '2021-04-12 03:46:57', '2021-04-12 03:46:57'),
(18, 40, 'Hellen Wilderman', 'Aspernatur reprehenderit ea odit distinctio nihil non. Molestiae quasi non ratione in magnam in debitis ut. Consequatur quisquam eum facilis dolores hic quaerat officia. Saepe non quia laborum ut. Ratione mollitia id id quia culpa possimus ratione qui.', 5, '2021-04-12 03:46:57', '2021-04-12 03:46:57'),
(19, 28, 'Leann Weber IV', 'Et nemo ex et dolores. Voluptatem animi occaecati alias eum quidem velit eligendi. Rerum hic qui autem similique quis autem. Ipsa non nihil vel quasi eos.', 0, '2021-04-12 03:46:57', '2021-04-12 03:46:57'),
(20, 49, 'Ms. Mandy Waelchi Jr.', 'Voluptate ipsam aut officiis omnis et quas reiciendis. Quidem similique illum in repellat. Et repellat nemo officiis. Molestiae ut perferendis ratione dicta.', 2, '2021-04-12 03:46:57', '2021-04-12 03:46:57'),
(21, 10, 'Alexandre Shields PhD', 'Et et asperiores quasi error aperiam architecto numquam quasi. Dolores tempore facere tempora doloremque tenetur odit. Maxime enim quia et iste.', 0, '2021-04-12 03:46:57', '2021-04-12 03:46:57'),
(22, 20, 'Hazel Schultz IV', 'Laudantium provident mollitia et temporibus. Vel est ullam at neque. Laudantium dicta magni quisquam eligendi accusamus qui. Incidunt ea non aliquid mollitia animi. Dicta at molestiae dolores dolores.', 4, '2021-04-12 03:46:57', '2021-04-12 03:46:57'),
(23, 6, 'Kayden Zulauf II', 'Cupiditate molestiae cum labore facilis consequatur. Eos perspiciatis enim est dolor labore autem. Reprehenderit distinctio et nostrum hic sunt ut nihil. Nesciunt voluptas et sit debitis.', 0, '2021-04-12 03:46:57', '2021-04-12 03:46:57'),
(24, 39, 'Jimmie Robel', 'Quia iste excepturi qui sit aliquid. Enim recusandae aut similique corrupti quasi tempora quas. Architecto similique eveniet maiores voluptatem dolorem ut aut.', 5, '2021-04-12 03:46:57', '2021-04-12 03:46:57'),
(25, 40, 'Loma Nolan', 'Ullam aliquam vel quis quis. Ipsa voluptatem praesentium et autem ad exercitationem perspiciatis. Maiores odio sapiente cum et quo. Quidem laudantium cumque reiciendis vel ab.', 3, '2021-04-12 03:46:57', '2021-04-12 03:46:57'),
(26, 22, 'Chyna Bashirian DDS', 'Et soluta et est laudantium ut. Ex dolorem quis nostrum quis voluptate neque est pariatur. Vitae nesciunt corrupti sunt et sed sit neque soluta.', 1, '2021-04-12 03:46:57', '2021-04-12 03:46:57'),
(27, 6, 'Ms. Dahlia Morar DDS', 'Maxime et sequi occaecati architecto magni voluptatem. Nesciunt sit qui pariatur omnis. Et quis incidunt quos explicabo. Cumque omnis dignissimos doloremque cumque totam et error.', 3, '2021-04-12 03:46:57', '2021-04-12 03:46:57'),
(28, 41, 'Elton Schiller', 'Ut laborum cupiditate officiis ut nesciunt atque ipsam. Voluptas sed dolore debitis quidem delectus sint.', 4, '2021-04-12 03:46:57', '2021-04-12 03:46:57'),
(29, 48, 'Kolby Dare', 'Nam perferendis dignissimos enim alias. Necessitatibus doloribus cum perspiciatis dignissimos sequi et dignissimos. Corporis reiciendis libero debitis qui perspiciatis enim dolorum.', 3, '2021-04-12 03:46:57', '2021-04-12 03:46:57'),
(30, 28, 'Cristobal Wolff', 'Sunt quis sit dolorem. Similique velit possimus cum ipsa quisquam sit. Non est suscipit voluptate consequatur omnis culpa. Quis eum quod repellendus ipsum odio.', 0, '2021-04-12 03:46:57', '2021-04-12 03:46:57'),
(31, 38, 'Dr. Osvaldo Balistreri', 'Ut non a aliquam praesentium incidunt ipsa laborum. Molestiae ipsa temporibus molestiae excepturi. Non ut voluptatum esse non voluptatem explicabo neque quo.', 0, '2021-04-12 03:46:57', '2021-04-12 03:46:57'),
(32, 48, 'Prof. Sabrina Schulist MD', 'Deserunt repudiandae adipisci rerum aut et. Sit nemo autem sequi ipsum nobis. Consequatur saepe est cum omnis voluptates. Repudiandae iure et deserunt consequatur sint fuga.', 3, '2021-04-12 03:46:57', '2021-04-12 03:46:57'),
(33, 2, 'Candice Veum DVM', 'Velit ab sint in nobis. Omnis perspiciatis perferendis cum minima dolorem.', 0, '2021-04-12 03:46:57', '2021-04-12 03:46:57'),
(34, 47, 'Mr. Nat Pfeffer', 'Quia eius at facilis reprehenderit est. Corrupti rerum pariatur voluptas odio at. Voluptas possimus eligendi iste eum ex officia dolore. Nisi aliquam facilis velit et voluptatem placeat omnis commodi.', 4, '2021-04-12 03:46:57', '2021-04-12 03:46:57'),
(35, 17, 'Ali Ratke', 'Sunt nulla iure et aliquid perferendis officia. Expedita ipsum magnam sunt asperiores quaerat velit. Dignissimos voluptas asperiores debitis aliquam consequatur.', 2, '2021-04-12 03:46:57', '2021-04-12 03:46:57'),
(36, 40, 'Roscoe Hayes', 'Sit molestiae ipsam repellat fugiat doloremque dignissimos libero. Autem alias sit facilis molestiae id ratione aut.', 3, '2021-04-12 03:46:58', '2021-04-12 03:46:58'),
(37, 47, 'Garett Will', 'Sit amet aliquam esse incidunt animi. Velit placeat sint sit impedit sit est sed iusto. Saepe est maiores unde voluptates magnam qui quo.', 0, '2021-04-12 03:46:58', '2021-04-12 03:46:58'),
(38, 42, 'Favian Williamson', 'Sed possimus vitae explicabo dolor. Unde tempore amet ut quas. Ut illo magnam et sed fuga hic. Voluptatem laborum ab voluptatem sunt soluta eum dolor. Ducimus animi aut aspernatur et aperiam.', 4, '2021-04-12 03:46:58', '2021-04-12 03:46:58'),
(39, 50, 'Antone Rice', 'Pariatur minima amet itaque reiciendis similique. Repudiandae architecto ut dignissimos aspernatur consequatur. Expedita ducimus natus quia voluptatem tenetur ea. A et explicabo sint harum ipsa.', 5, '2021-04-12 03:46:58', '2021-04-12 03:46:58'),
(40, 40, 'Kamryn Heathcote', 'Voluptas laborum ut eveniet dicta aut. Voluptatibus voluptatibus est dolor non accusantium nesciunt laboriosam. Alias aperiam minus non odit. Nesciunt enim quae eaque mollitia ipsa ad voluptatibus nihil.', 4, '2021-04-12 03:46:58', '2021-04-12 03:46:58'),
(41, 9, 'Dr. Godfrey Lueilwitz DDS', 'Facilis ut nemo sint autem. Necessitatibus dolore aut suscipit. Harum temporibus et optio non accusantium. Et officia sit odio libero.', 2, '2021-04-12 03:46:58', '2021-04-12 03:46:58'),
(42, 41, 'Kristofer McKenzie', 'Aliquid perferendis rerum rerum autem qui odit molestiae. Nihil quis et sunt minus. Et quis quisquam dolorem eum iste a hic. Sunt aut sunt iste officiis adipisci quia omnis.', 5, '2021-04-12 03:46:58', '2021-04-12 03:46:58'),
(43, 18, 'Dr. Kolby Hagenes DVM', 'Consectetur eos dolorem in quos est cum. Et omnis provident nam sint recusandae. Atque blanditiis sed dolorum. Enim provident eum sed sit voluptates voluptatem.', 5, '2021-04-12 03:46:58', '2021-04-12 03:46:58'),
(44, 30, 'Timmy Hand', 'Omnis ut amet corporis unde fugiat laudantium. Quae consectetur voluptas commodi blanditiis cum hic neque. Enim et excepturi aliquid qui. Cumque beatae minima est eius error.', 4, '2021-04-12 03:46:58', '2021-04-12 03:46:58'),
(45, 14, 'Alene West', 'Velit accusantium ut et et asperiores aspernatur dolor. Omnis sit nostrum ipsa corporis deserunt quaerat totam. A deserunt harum labore labore et cumque molestiae.', 3, '2021-04-12 03:46:58', '2021-04-12 03:46:58'),
(46, 26, 'Marion Konopelski Jr.', 'Iusto qui ducimus eum quis. Harum corporis quod aut dolore aspernatur voluptatem voluptas. Vel distinctio voluptates fugiat ex provident.', 2, '2021-04-12 03:46:58', '2021-04-12 03:46:58'),
(47, 30, 'Lelah Batz', 'Qui deserunt cumque at ea sed sed consequatur. Et consectetur assumenda voluptas sit. Provident qui sed a et illo qui esse.', 2, '2021-04-12 03:46:58', '2021-04-12 03:46:58'),
(48, 50, 'Delores Schoen', 'Ea incidunt pariatur pariatur nesciunt qui. Dolores qui illum quidem quibusdam deleniti dolores harum voluptates.', 0, '2021-04-12 03:46:58', '2021-04-12 03:46:58'),
(49, 48, 'Rico Kiehn MD', 'Iure porro corporis blanditiis quidem qui eos dolore. Et vel minus et assumenda et ut. Earum adipisci non deleniti corrupti voluptatem et quod assumenda. Doloremque ut ea culpa quidem.', 2, '2021-04-12 03:46:58', '2021-04-12 03:46:58'),
(50, 15, 'Ava Rath', 'Beatae quos sapiente at. Rem tempora cumque deleniti possimus. Similique est quisquam corporis laborum iste beatae sed.', 1, '2021-04-12 03:46:58', '2021-04-12 03:46:58'),
(51, 15, 'Erica Wehner II', 'Officiis aut voluptatibus tenetur ipsum recusandae. Qui cupiditate consectetur cum est quibusdam voluptatem. Laudantium magni mollitia minus praesentium quisquam quia quae sed. Id aut quo accusantium ullam.', 3, '2021-04-12 03:46:59', '2021-04-12 03:46:59'),
(52, 12, 'Orland Parker', 'Id nesciunt ipsam tempore explicabo provident. Nobis vitae in fugit eos optio ex non. Sunt ut nihil eum sed aut.', 4, '2021-04-12 03:46:59', '2021-04-12 03:46:59'),
(53, 42, 'Mrs. Margarete Sanford V', 'Consequuntur corrupti ut ut illum. Id illum reprehenderit quia sed ut hic animi. Dolore porro et repellat provident quo quidem maiores. Quas cum doloremque id et dolore et.', 2, '2021-04-12 03:46:59', '2021-04-12 03:46:59'),
(54, 29, 'Guy Becker', 'Culpa temporibus beatae quis aliquid. Aut occaecati aut sint porro dolores velit recusandae. Ea possimus quasi ut dolor esse.', 5, '2021-04-12 03:46:59', '2021-04-12 03:46:59'),
(55, 39, 'Rickey Dooley', 'Voluptatem excepturi non molestiae enim. Beatae nihil omnis quis dignissimos officia cumque quia et. Dolorem adipisci reprehenderit omnis illo vel possimus. Explicabo ullam id numquam unde.', 3, '2021-04-12 03:46:59', '2021-04-12 03:46:59'),
(56, 12, 'Corrine Schulist', 'Dolorem reiciendis atque quia deserunt dolor. Facilis porro velit sit qui inventore. In est dolorem ducimus perferendis sit suscipit in aut. Quae sunt reiciendis modi voluptas doloribus et voluptatem.', 1, '2021-04-12 03:46:59', '2021-04-12 03:46:59'),
(57, 34, 'Gus Ruecker', 'Quisquam ut sequi omnis assumenda. Nulla alias molestiae aspernatur autem hic. Dolores at minus quaerat unde dolorem est. Sit vero quo enim et et consectetur consequuntur.', 3, '2021-04-12 03:46:59', '2021-04-12 03:46:59'),
(58, 43, 'Edyth Smith', 'Omnis aliquid corrupti ipsum soluta rerum nulla at. Laborum natus saepe molestiae et dicta. Voluptas quae numquam commodi perspiciatis at error quae natus. Unde corrupti voluptates ea corporis dignissimos.', 4, '2021-04-12 03:46:59', '2021-04-12 03:46:59'),
(59, 1, 'Leopold Shanahan DVM', 'Aliquam asperiores nesciunt sunt nihil. Et laborum repellat necessitatibus in. Ad soluta numquam quo veritatis a. Nihil aut sint fugiat.', 0, '2021-04-12 03:46:59', '2021-04-12 03:46:59'),
(60, 13, 'Verna Hessel', 'Neque accusamus est et repudiandae dicta temporibus necessitatibus. Est ipsam sed blanditiis. In odio id voluptatem voluptatem similique accusamus.', 4, '2021-04-12 03:46:59', '2021-04-12 03:46:59'),
(61, 23, 'Cloyd Bednar', 'Eum est in quod temporibus. In ea quam labore qui praesentium error aliquid. Delectus necessitatibus accusamus cum non occaecati. Incidunt velit nihil non odit quam nobis impedit.', 3, '2021-04-12 03:46:59', '2021-04-12 03:46:59'),
(62, 18, 'Reece Romaguera', 'Architecto quis officiis perferendis repellat. Deserunt saepe sed sit autem voluptatum doloremque qui. Enim ipsam ipsum et. Voluptatem dolorem qui veniam consequuntur est sed.', 3, '2021-04-12 03:46:59', '2021-04-12 03:46:59'),
(63, 39, 'Prof. Jacquelyn Cruickshank', 'Et commodi deleniti quidem in. Voluptatem commodi non illo in.', 0, '2021-04-12 03:46:59', '2021-04-12 03:46:59'),
(64, 18, 'Chadrick Kutch', 'Et consequatur nihil sit nam vitae aut. Eligendi nihil quasi ut praesentium ad. Officia voluptas numquam sint vel facere rem culpa. Possimus sint ut sapiente magni.', 1, '2021-04-12 03:46:59', '2021-04-12 03:46:59'),
(65, 27, 'Prof. Hyman Murphy', 'Deserunt nulla repellat non autem beatae. Consequatur aliquam hic ut qui nemo. Qui deleniti in dolores similique explicabo.', 5, '2021-04-12 03:46:59', '2021-04-12 03:46:59'),
(66, 28, 'Candida Wilderman I', 'Repudiandae minima laboriosam est quidem mollitia itaque. Voluptatem voluptatibus sint maiores aperiam et quia. Sunt sapiente est dolorem commodi molestiae tempore. Incidunt est consectetur atque.', 0, '2021-04-12 03:46:59', '2021-04-12 03:46:59'),
(67, 38, 'Mr. Darron Miller Sr.', 'Et voluptatum dolorem et maiores ut fugit. Ipsum odio at dolorum quod. Dolores perspiciatis magnam numquam libero odit.', 3, '2021-04-12 03:46:59', '2021-04-12 03:46:59'),
(68, 40, 'Lavina Jacobi Jr.', 'Sed vel nemo optio est. Beatae tenetur ex totam. Asperiores adipisci nihil rerum dolor.', 4, '2021-04-12 03:47:00', '2021-04-12 03:47:00'),
(69, 46, 'Myrna Hintz', 'Totam id recusandae error inventore id nam magni ipsam. Voluptatem amet nihil expedita quam recusandae eius. Minus et iusto quidem libero.', 1, '2021-04-12 03:47:00', '2021-04-12 03:47:00'),
(70, 26, 'Karina Fay', 'Et sint eum ipsum quo nostrum hic. Aut cupiditate amet expedita molestias voluptas explicabo ducimus. Ut quod enim commodi consequuntur porro hic aliquam. Velit vel laborum itaque tempore commodi consequatur aliquam. Ut voluptas ut eos veniam.', 4, '2021-04-12 03:47:00', '2021-04-12 03:47:00'),
(71, 13, 'Armando Lebsack', 'Voluptas error atque et. Praesentium dolorem consequatur rem sed eos et. Excepturi et excepturi expedita praesentium enim vel quae. Voluptatem ratione magni et qui.', 2, '2021-04-12 03:47:00', '2021-04-12 03:47:00'),
(72, 44, 'Prof. Dianna Dooley', 'Voluptatem omnis asperiores id et ex est. Consequatur atque vitae sed impedit. Cumque omnis consequatur quia placeat eos quia. Labore facilis dicta laborum est maiores possimus voluptatibus.', 4, '2021-04-12 03:47:00', '2021-04-12 03:47:00'),
(73, 28, 'Dr. Jaclyn Hegmann', 'Qui dolor et corrupti velit. Non maxime laudantium qui excepturi pariatur id sed. Maiores molestiae voluptatem eveniet aut quod praesentium non.', 0, '2021-04-12 03:47:00', '2021-04-12 03:47:00'),
(74, 3, 'Skye Miller', 'Ipsam id et natus magnam doloribus possimus non. Aperiam dolores et occaecati ut. Voluptatibus est omnis necessitatibus dolores maxime. Qui voluptatem nesciunt ut ut omnis repudiandae.', 1, '2021-04-12 03:47:00', '2021-04-12 03:47:00'),
(75, 48, 'Ida Stanton', 'Veniam porro rerum quaerat eum. Voluptate nostrum quia libero beatae. Fuga eos consectetur et quidem. Dolor quia repellat nesciunt consequatur maiores.', 4, '2021-04-12 03:47:00', '2021-04-12 03:47:00'),
(76, 10, 'Dr. Guadalupe Schimmel III', 'Culpa esse et necessitatibus eveniet quisquam. Ipsum repellendus corporis iure exercitationem iure qui. Voluptas delectus ducimus ut provident excepturi.', 0, '2021-04-12 03:47:00', '2021-04-12 03:47:00'),
(77, 8, 'Horace Kiehn', 'Sit similique qui cumque error doloribus perferendis. Quia et ut at inventore est voluptas rerum. Quia voluptatibus eligendi quia consectetur nesciunt. Necessitatibus animi aut excepturi et.', 1, '2021-04-12 03:47:00', '2021-04-12 03:47:00'),
(78, 13, 'Korbin Sauer', 'Aut quasi pariatur nulla animi quo. Voluptatem possimus deserunt voluptate nulla aperiam. Praesentium quia autem itaque atque tenetur praesentium.', 5, '2021-04-12 03:47:00', '2021-04-12 03:47:00'),
(79, 3, 'Maynard Wunsch', 'Sunt autem veniam ea quibusdam quae. Cum et ea in veritatis sed. Beatae dolor accusantium ut quibusdam.', 2, '2021-04-12 03:47:00', '2021-04-12 03:47:00'),
(80, 29, 'Prof. Berniece Lehner PhD', 'Laborum hic est quis et magni blanditiis et autem. Molestiae dolorem inventore quod nemo sed debitis. Et iste dignissimos ab et. Modi autem numquam impedit nisi perferendis.', 0, '2021-04-12 03:47:00', '2021-04-12 03:47:00'),
(81, 4, 'Jose O\'Keefe', 'Ea rerum praesentium quos sed aperiam tenetur. Voluptas eum et voluptas aut quam. Et unde necessitatibus voluptatem et quo perferendis est nisi.', 0, '2021-04-12 03:47:00', '2021-04-12 03:47:00'),
(82, 21, 'Haley Hayes', 'Accusantium dolorem consectetur et ut possimus laboriosam voluptas. Ut doloremque cum harum voluptatum. Laudantium enim in dolorem accusamus eligendi autem quo consequatur.', 4, '2021-04-12 03:47:00', '2021-04-12 03:47:00'),
(83, 16, 'Larue Wiegand', 'Mollitia recusandae atque doloribus ipsum voluptatum voluptatem odit. Illum tenetur quia similique delectus corrupti velit. Recusandae at numquam sint voluptates sint iure. Ab qui nisi sit illum velit illum molestias. Corrupti excepturi laudantium at architecto similique.', 4, '2021-04-12 03:47:00', '2021-04-12 03:47:00'),
(84, 16, 'Corine Wilderman', 'Repellat nemo reprehenderit vero quos est commodi. Aliquam in dolorum quis porro sit. Commodi quia eum ea ipsum.', 1, '2021-04-12 03:47:00', '2021-04-12 03:47:00'),
(85, 15, 'June Orn', 'Non atque harum id eos dolorem nostrum earum. Aspernatur veniam doloribus qui exercitationem neque. Aut incidunt eius ipsa. Eaque distinctio reprehenderit distinctio nemo praesentium sit ducimus quam.', 5, '2021-04-12 03:47:00', '2021-04-12 03:47:00'),
(86, 5, 'Orrin Beier MD', 'Est perspiciatis non eum quo eum qui. Ex rem dolorem saepe qui et rem voluptates. Qui omnis magnam omnis mollitia error.', 1, '2021-04-12 03:47:00', '2021-04-12 03:47:00'),
(87, 31, 'Dereck Cole', 'Sit nihil et cupiditate expedita consequatur. Sed iusto odit ut voluptas. Exercitationem qui qui eligendi consequuntur.', 2, '2021-04-12 03:47:01', '2021-04-12 03:47:01'),
(88, 8, 'Hollie Wehner', 'Accusamus aperiam quis aspernatur quae eius aspernatur quo. Repellendus sed qui dolores est nulla. Dolore id nulla quod. Excepturi minima et repellat nemo expedita dolorem.', 3, '2021-04-12 03:47:01', '2021-04-12 03:47:01'),
(89, 20, 'Heather Lind', 'Corrupti ut voluptate magni hic voluptatem sit sint. Velit voluptate labore et dignissimos et. Aut ab beatae non odio vel. Neque fugiat quibusdam quos et. Sit quia doloremque dicta tempore dolores similique.', 5, '2021-04-12 03:47:01', '2021-04-12 03:47:01'),
(90, 13, 'Aiyana Larson DDS', 'Soluta ut ducimus repellendus et qui consequatur. Et consequatur architecto sint ipsa ut sint. Rerum vero facere repellat eum dolore.', 4, '2021-04-12 03:47:01', '2021-04-12 03:47:01'),
(91, 33, 'Ian Lowe', 'Beatae modi sunt nisi esse ipsam. Qui dicta eos quia iusto sint dolore. Similique labore enim aliquam quae rerum et in sequi. Omnis est cum consequuntur nisi quam ipsa beatae.', 2, '2021-04-12 03:47:01', '2021-04-12 03:47:01'),
(92, 42, 'Samson Romaguera', 'Eligendi placeat distinctio laboriosam et incidunt est qui. Voluptatem magni quae qui. Perspiciatis dolore et esse at corrupti omnis. Consequatur rerum asperiores ad in et praesentium eos est.', 3, '2021-04-12 03:47:01', '2021-04-12 03:47:01'),
(93, 45, 'Cordie Labadie', 'Expedita quia earum harum excepturi possimus voluptas. Porro omnis voluptas odit eos ut ipsum omnis culpa. Distinctio laudantium voluptas quos soluta. Et et qui in dignissimos. Et et esse harum est est iste natus.', 1, '2021-04-12 03:47:01', '2021-04-12 03:47:01'),
(94, 19, 'Chester Muller', 'Ipsum voluptatibus dolorem beatae quaerat saepe. Qui id aut ut illum quae consequatur. Adipisci doloribus optio quia earum est. Dolorem aperiam reprehenderit quae quia alias.', 1, '2021-04-12 03:47:01', '2021-04-12 03:47:01'),
(95, 20, 'Prof. Angus Weissnat', 'Dolor consectetur veritatis aperiam deleniti nemo dicta ipsa. Earum molestiae illum et omnis. Quis qui eos hic atque. Quo aperiam iusto quibusdam quos aperiam reprehenderit quia autem.', 1, '2021-04-12 03:47:01', '2021-04-12 03:47:01'),
(96, 40, 'Berneice Sipes', 'Reiciendis ab rerum quos amet aspernatur. Qui eligendi deleniti quia nostrum non. Incidunt eius laboriosam illum reiciendis harum ipsum. Odit occaecati qui dolores consequatur.', 3, '2021-04-12 03:47:02', '2021-04-12 03:47:02'),
(97, 19, 'Thad Swaniawski V', 'Est quibusdam aut occaecati assumenda. A eaque aut omnis ea. Provident velit quasi commodi quam consequatur aut quia. Accusamus enim sit eligendi exercitationem.', 3, '2021-04-12 03:47:02', '2021-04-12 03:47:02'),
(98, 7, 'Yvette Cassin', 'Quia ducimus enim ipsum aut minus. Omnis voluptas eius sit eius dolorum vero nisi. Et temporibus recusandae dolor cum. Eveniet quia fugit id.', 5, '2021-04-12 03:47:02', '2021-04-12 03:47:02'),
(99, 35, 'Mr. Parker Kreiger', 'Maiores veniam ab ut eaque. Cum et dolores ea illo voluptas libero. Veniam ea vero officia mollitia.', 0, '2021-04-12 03:47:02', '2021-04-12 03:47:02'),
(100, 30, 'Mark Metz', 'Est impedit quam voluptatem sint eaque. Velit et porro accusantium nisi neque molestias nemo. Est perspiciatis accusantium aliquid impedit asperiores et. Cumque hic qui officia in earum.', 4, '2021-04-12 03:47:02', '2021-04-12 03:47:02'),
(101, 9, 'Dr. Orland Hane DVM', 'Numquam voluptas consequatur delectus quasi accusamus alias. Architecto et facere esse sequi in rem sit autem. Consequatur ut amet voluptatem iste architecto quaerat maxime.', 4, '2021-04-12 03:47:02', '2021-04-12 03:47:02'),
(102, 47, 'Lue Price Sr.', 'Unde dolor in sed doloremque itaque. Ducimus aspernatur impedit architecto nulla ratione praesentium. Ipsa et quia officia eaque qui voluptatem.', 5, '2021-04-12 03:47:02', '2021-04-12 03:47:02'),
(103, 35, 'Okey Olson', 'Voluptates consequatur suscipit ipsam et labore. Eaque exercitationem iste error laboriosam doloremque. Atque eum nobis soluta optio ad.', 4, '2021-04-12 03:47:02', '2021-04-12 03:47:02'),
(104, 47, 'Dr. Giovani Witting', 'Aut eum sunt vel et et dolorem. Velit reprehenderit deleniti sapiente ad. Sunt eum aliquid id ut commodi possimus repellendus. Ipsum dolore qui reprehenderit et.', 0, '2021-04-12 03:47:02', '2021-04-12 03:47:02'),
(105, 44, 'Maynard Volkman', 'Non non ratione et dolore voluptates maxime laboriosam. Quia vero quasi temporibus autem autem quis sed facilis. Saepe nisi quia nobis eaque ipsum qui maiores harum. Aliquam et quis dolore temporibus.', 3, '2021-04-12 03:47:02', '2021-04-12 03:47:02'),
(106, 33, 'Ryann Zieme', 'Et itaque non reiciendis voluptas non distinctio. Minima officia deleniti dolor aut est praesentium est. Voluptate expedita fugiat consequatur alias unde animi sit laudantium.', 5, '2021-04-12 03:47:02', '2021-04-12 03:47:02'),
(107, 1, 'Miss Noemi Schaden V', 'Illo autem vel maiores odio exercitationem aspernatur. Consequuntur ratione vel illum ratione dolore recusandae. Consequatur odit sed error cumque deleniti ut aliquam quo.', 3, '2021-04-12 03:47:02', '2021-04-12 03:47:02'),
(108, 32, 'Jamil Boyer', 'Iste ut dolorum temporibus sed. Sunt nemo ut reiciendis itaque nihil dolore. Repellendus impedit voluptas voluptas quia sunt dolorum. Excepturi esse perspiciatis ducimus veritatis hic voluptatum.', 5, '2021-04-12 03:47:02', '2021-04-12 03:47:02'),
(109, 5, 'Charlene Fadel', 'Numquam soluta quam et at mollitia ut ullam. Nobis rem quam sint voluptatem reprehenderit est vero. Sit iste odio quis earum. Commodi provident soluta deserunt debitis. Veniam sed est exercitationem.', 2, '2021-04-12 03:47:02', '2021-04-12 03:47:02'),
(110, 27, 'Ms. Hope Balistreri MD', 'Laboriosam perferendis voluptas fugiat porro et. Quo cupiditate qui consequatur ducimus. Voluptas numquam provident non molestiae ipsam voluptate.', 2, '2021-04-12 03:47:03', '2021-04-12 03:47:03'),
(111, 31, 'Adell Keebler', 'Similique adipisci voluptas ut hic velit. Odio rerum ut enim vel aut tempore eligendi. Sint repellendus enim necessitatibus harum nostrum rerum laboriosam tempore. Veniam sed quam culpa itaque omnis.', 1, '2021-04-12 03:47:03', '2021-04-12 03:47:03'),
(112, 11, 'Mckenzie Gleason', 'Sed consectetur ea et tenetur. Voluptatum perspiciatis eaque laboriosam eum velit natus. Rerum asperiores dolorem et. Est nam laboriosam qui sed voluptate cupiditate similique.', 2, '2021-04-12 03:47:03', '2021-04-12 03:47:03'),
(113, 47, 'Elisabeth Daugherty', 'Earum molestiae qui placeat. Aperiam sint culpa voluptatem voluptas. A corrupti natus possimus soluta enim aut incidunt. Voluptas qui autem culpa optio aut enim velit et.', 5, '2021-04-12 03:47:03', '2021-04-12 03:47:03'),
(114, 43, 'Dr. Roselyn Bradtke IV', 'Aut reiciendis magni similique architecto nesciunt molestiae harum. Inventore officia sunt nemo corrupti id. Corrupti aliquam provident consequatur odit aut.', 2, '2021-04-12 03:47:03', '2021-04-12 03:47:03'),
(115, 34, 'Leonel Kreiger', 'Culpa rerum repellendus culpa voluptas quia fuga et maxime. Omnis natus quis voluptatum vel totam. Quia dolores cupiditate temporibus libero. Id veniam voluptatum enim qui.', 3, '2021-04-12 03:47:03', '2021-04-12 03:47:03'),
(116, 49, 'Vivien Champlin', 'Dignissimos quia excepturi repellat. Eius commodi harum doloremque in assumenda quod vel. Itaque at excepturi voluptatem animi cupiditate exercitationem. Natus nisi eum excepturi.', 1, '2021-04-12 03:47:03', '2021-04-12 03:47:03'),
(117, 17, 'Dr. Edgardo Morar', 'Qui culpa maiores voluptatibus illo alias aut. Voluptatem natus consectetur rem consequatur. Necessitatibus quos aliquam optio eos minus eos.', 4, '2021-04-12 03:47:03', '2021-04-12 03:47:03'),
(118, 44, 'Mason Schneider', 'Vero alias ut cumque quo. Quaerat dignissimos omnis voluptas. Occaecati sunt eos sunt magnam at quidem aut. Dolorem a iure voluptatibus ratione tempora. Commodi consequatur laboriosam nihil adipisci ipsam et qui.', 0, '2021-04-12 03:47:03', '2021-04-12 03:47:03'),
(119, 20, 'Al Heathcote I', 'Dolorem aliquam natus quo fugit ad sapiente. Et dolore dolorem commodi non animi. Cupiditate voluptas quas qui voluptates aliquid quasi neque. Officia error voluptas facere iure error ipsa libero neque.', 2, '2021-04-12 03:47:03', '2021-04-12 03:47:03'),
(120, 4, 'Alda Wilkinson', 'Tenetur voluptatem sed repellendus. Labore a quo blanditiis aspernatur magnam numquam. Reprehenderit ex ea dicta aliquid aut iusto. Atque nobis incidunt qui et occaecati vel sunt.', 1, '2021-04-12 03:47:03', '2021-04-12 03:47:03'),
(121, 3, 'Naomi Hettinger', 'Et error magni blanditiis omnis. Eius laboriosam repudiandae iste esse esse officiis sunt. Qui ducimus hic qui odit vel doloremque. Est non est impedit et praesentium similique qui.', 5, '2021-04-12 03:47:03', '2021-04-12 03:47:03'),
(122, 7, 'Brook Kautzer III', 'Reiciendis adipisci aspernatur quia neque. Necessitatibus ea corrupti voluptates dolorum et. Quis quia voluptas saepe quisquam.', 5, '2021-04-12 03:47:03', '2021-04-12 03:47:03'),
(123, 41, 'Miss Evelyn Altenwerth PhD', 'Nisi saepe temporibus qui et sed. Sint et possimus rerum at voluptatum. Et unde soluta hic harum animi rerum sunt. Repudiandae accusamus sequi qui iste reiciendis molestiae unde.', 4, '2021-04-12 03:47:03', '2021-04-12 03:47:03'),
(124, 36, 'Shanie Kuhic', 'Et rem repudiandae amet eaque sit. Qui omnis fuga voluptas omnis minima itaque hic. Et autem impedit nisi qui deserunt aperiam eius. Facere rem voluptatibus corrupti vel.', 5, '2021-04-12 03:47:03', '2021-04-12 03:47:03'),
(125, 46, 'Jennyfer Breitenberg II', 'Maiores officia esse quia sed at vero modi. Doloribus qui dolores quia cumque odio eum unde.', 1, '2021-04-12 03:47:03', '2021-04-12 03:47:03'),
(126, 43, 'Jaylin Schinner II', 'Iste voluptatem voluptatum earum fuga mollitia. Nam rerum voluptates dolores eos deleniti. Impedit nihil nesciunt excepturi nihil et delectus.', 1, '2021-04-12 03:47:03', '2021-04-12 03:47:03'),
(127, 5, 'Reid Beier', 'Impedit accusantium iste aspernatur maiores quis. Est sequi eius velit dolore veniam. Quae aut sequi error dolor iure laborum.', 1, '2021-04-12 03:47:03', '2021-04-12 03:47:03'),
(128, 44, 'Mabelle Koepp', 'Quisquam quo voluptas fugit eum sit est et. Cupiditate totam molestiae repellendus minima natus. Rerum reiciendis sit quis in perferendis.', 5, '2021-04-12 03:47:03', '2021-04-12 03:47:03'),
(129, 20, 'Albertha Donnelly', 'Ratione ullam qui vel deserunt voluptatem voluptas. Explicabo ducimus cum voluptatem repellat dolores. Corporis itaque aperiam quia quod id delectus minima ut.', 0, '2021-04-12 03:47:03', '2021-04-12 03:47:03'),
(130, 30, 'Nigel Dietrich', 'Doloribus delectus et et ut et harum iusto. Labore omnis minus omnis est inventore. Natus autem architecto provident repellendus impedit.', 3, '2021-04-12 03:47:03', '2021-04-12 03:47:03'),
(131, 44, 'Cristina Walter', 'Atque ab nobis id est non culpa. Numquam nemo deleniti eligendi laborum qui. Suscipit a deleniti dolor beatae.', 1, '2021-04-12 03:47:03', '2021-04-12 03:47:03'),
(132, 12, 'Adelia Ward PhD', 'Voluptate non et omnis exercitationem voluptate. Consequuntur ea in dolore. Sed nobis suscipit in nesciunt. Autem dicta eius minima ut qui et. Aspernatur qui et quidem totam ipsam hic.', 2, '2021-04-12 03:47:03', '2021-04-12 03:47:03'),
(133, 5, 'Jacques Swift', 'Dolor sed quas accusamus et quasi. Sit unde sed autem dolor quidem. Dicta voluptatum distinctio est omnis est voluptatem.', 3, '2021-04-12 03:47:03', '2021-04-12 03:47:03'),
(134, 33, 'Prof. Rupert Witting', 'Provident nesciunt eum est in unde est. Dignissimos tempora voluptatem autem autem qui molestias. Dolor beatae sit sint voluptatem. Necessitatibus ipsam quia omnis.', 5, '2021-04-12 03:47:04', '2021-04-12 03:47:04'),
(135, 39, 'Tressa Watsica', 'Et molestiae enim nulla. Debitis asperiores unde praesentium quo. Sint dolorem ut reprehenderit aut. Aliquid consequatur dignissimos at praesentium provident facilis autem.', 3, '2021-04-12 03:47:04', '2021-04-12 03:47:04'),
(136, 17, 'Ms. Lea Strosin', 'Labore officia quidem et libero. Et corrupti ipsum ad dicta quam ullam voluptas. Iusto est maxime dolores blanditiis et fugit atque dolor. Dolorem laboriosam et itaque facere porro omnis odit.', 1, '2021-04-12 03:47:04', '2021-04-12 03:47:04'),
(137, 36, 'Luther Doyle', 'Suscipit dolor et veritatis vel. Et quod sint voluptas eos eaque. Illo aperiam ab iure voluptas voluptas eum commodi. Et eius beatae quas maxime temporibus.', 4, '2021-04-12 03:47:04', '2021-04-12 03:47:04'),
(138, 45, 'Phyllis Braun', 'Voluptas in omnis quia aut. Quasi ducimus laborum ut qui dolorum tempore vero. Inventore vitae officiis repellendus officiis quos consequatur quo repellendus. Dignissimos aliquam dolor praesentium ut consequatur officia totam blanditiis.', 5, '2021-04-12 03:47:04', '2021-04-12 03:47:04'),
(139, 32, 'Raphael Cormier', 'Et vitae magnam voluptatem illo quos enim non. Est consequatur itaque beatae ex excepturi minus. Temporibus voluptatem ut asperiores doloribus et sit neque natus.', 1, '2021-04-12 03:47:04', '2021-04-12 03:47:04'),
(140, 50, 'Dr. Darwin Schmeler', 'Nisi nobis voluptatem aut aut sit mollitia. Expedita id atque omnis rerum. Et est ut voluptatem illum. Modi sunt voluptas in illum id.', 0, '2021-04-12 03:47:04', '2021-04-12 03:47:04'),
(141, 19, 'Oran Kshlerin V', 'Nihil eum ut libero quas iure rerum rerum. Earum magnam ex laborum vel. Nam fuga numquam laboriosam molestias a et occaecati. Voluptatem quia qui fugiat culpa in.', 2, '2021-04-12 03:47:04', '2021-04-12 03:47:04'),
(142, 31, 'Richard Stiedemann', 'Alias autem sint sit rerum illo sint qui. Adipisci ut quidem optio quo velit aut. Tenetur ipsam et sapiente minus. Deleniti sit sed molestiae sunt et voluptatem. Iste omnis quam et voluptatem est rerum nesciunt.', 5, '2021-04-12 03:47:04', '2021-04-12 03:47:04'),
(143, 18, 'Ms. Adelia Moen III', 'Sequi aperiam vero rerum. Velit amet veniam magnam aliquid. Perferendis porro eligendi rerum dolor occaecati nesciunt et. Quia dolorum aliquam rerum qui.', 4, '2021-04-12 03:47:04', '2021-04-12 03:47:04'),
(144, 37, 'Mr. Jevon Upton', 'Facere veritatis laborum maxime dolores non ducimus alias. Sint sit sapiente natus maxime praesentium fugiat nulla et. Rerum laboriosam voluptate ullam illo aspernatur quasi.', 0, '2021-04-12 03:47:04', '2021-04-12 03:47:04'),
(145, 4, 'Everette Bergnaum Jr.', 'Aliquid architecto similique molestiae in voluptates aut quas. Ipsa neque ad odio minus. Alias harum minima doloremque in nihil.', 1, '2021-04-12 03:47:04', '2021-04-12 03:47:04'),
(146, 18, 'Mrs. Annie Hamill DDS', 'Et placeat officia et. Veritatis quia inventore in est perspiciatis rem placeat. Maxime est voluptas distinctio voluptatem quae qui officia possimus. Dolor aut natus molestiae asperiores.', 1, '2021-04-12 03:47:04', '2021-04-12 03:47:04'),
(147, 26, 'Kay Smith', 'Dolore aperiam perferendis nulla ducimus qui magnam dolores. Cumque praesentium praesentium laborum quia. Alias nemo voluptatibus commodi possimus in. Odio necessitatibus velit et aut amet magni natus.', 3, '2021-04-12 03:47:04', '2021-04-12 03:47:04'),
(148, 19, 'Mr. Austin Hagenes DDS', 'Aliquid ex esse quod sed explicabo fugiat. Optio dignissimos placeat nisi expedita. Aliquid maiores tempore totam. Asperiores aperiam asperiores ullam ut et dolorum eveniet incidunt.', 1, '2021-04-12 03:47:04', '2021-04-12 03:47:04'),
(149, 34, 'Demetrius Lind Jr.', 'Voluptatem voluptas dolor rerum a. In vero quos inventore dolorem dolorem quia culpa. Quibusdam iste porro quia at eos totam. Omnis cumque quo enim molestiae et. Dolores dolor eius animi optio aperiam aut.', 1, '2021-04-12 03:47:04', '2021-04-12 03:47:04'),
(150, 32, 'Mr. Manuel Casper', 'Quidem sed adipisci qui quae sed. Unde sunt odit officia aperiam eveniet repudiandae.', 0, '2021-04-12 03:47:04', '2021-04-12 03:47:04'),
(151, 32, 'Linnea Lynch', 'Sed officia omnis sequi voluptatem quia recusandae. Velit explicabo temporibus commodi a et aliquam ex vel. Sunt corporis minus distinctio omnis non nemo tempora et.', 0, '2021-04-12 03:47:04', '2021-04-12 03:47:04'),
(152, 45, 'Vicenta Greenfelder', 'Necessitatibus ut adipisci quaerat quis. Consequuntur eveniet eum iusto qui nihil tenetur rerum optio. Exercitationem maiores non in et temporibus dolores. Magni qui et quidem quia iste qui voluptatibus.', 3, '2021-04-12 03:47:04', '2021-04-12 03:47:04'),
(153, 23, 'Zechariah Kuhic I', 'Cum nesciunt debitis consectetur et possimus. Incidunt quia esse et repellat amet eos corrupti. Minima laudantium asperiores quisquam voluptatibus recusandae.', 5, '2021-04-12 03:47:04', '2021-04-12 03:47:04'),
(154, 7, 'Ruthie Bradtke', 'Commodi rerum blanditiis doloribus. Architecto voluptatem ut et cupiditate earum consequatur. Voluptate porro dolorem impedit ullam blanditiis eum.', 0, '2021-04-12 03:47:04', '2021-04-12 03:47:04'),
(155, 42, 'Alexane Ruecker', 'Sequi voluptas sed non possimus. Maiores sit impedit blanditiis iure voluptatum eveniet. Facere tempore ipsa maxime repellendus.', 1, '2021-04-12 03:47:05', '2021-04-12 03:47:05'),
(156, 38, 'Derek Klocko', 'Esse dolorum laborum quia aliquid facere. Nihil temporibus alias sed eaque nulla sunt ipsum. Adipisci sit sint illum aut placeat.', 3, '2021-04-12 03:47:05', '2021-04-12 03:47:05'),
(157, 5, 'Gunnar Hyatt Sr.', 'Aspernatur esse ut quo quidem illum consequatur. Magni quod eaque placeat. Et aut neque et cupiditate.', 1, '2021-04-12 03:47:05', '2021-04-12 03:47:05'),
(158, 48, 'Miss Bethel Wilkinson DDS', 'Beatae et similique non fuga atque. Minus tempore iure illo quis doloremque aspernatur. Sed explicabo sit et sed aut. Soluta magni unde et voluptatem voluptatem.', 1, '2021-04-12 03:47:05', '2021-04-12 03:47:05'),
(159, 44, 'Monte Schumm', 'Sed molestiae qui et non deleniti nisi. Perspiciatis quia sed velit dolores temporibus officiis excepturi.', 0, '2021-04-12 03:47:05', '2021-04-12 03:47:05'),
(160, 22, 'Kaleigh Gleichner', 'Voluptatem consequatur similique quaerat et minus. Reprehenderit nihil voluptatibus velit ab assumenda.', 4, '2021-04-12 03:47:05', '2021-04-12 03:47:05'),
(161, 48, 'Cooper Boyle', 'Et aut laudantium voluptates harum magnam ex. Ea tempore aut rerum. Quaerat unde assumenda minima odit. Quasi qui consequatur deleniti et laborum qui dolorem.', 0, '2021-04-12 03:47:05', '2021-04-12 03:47:05'),
(162, 3, 'Dr. Armani Mann I', 'Magni tenetur cumque qui. Optio reprehenderit deleniti autem error vel. Et doloremque eligendi maxime dolor. Non nihil inventore consequatur at.', 4, '2021-04-12 03:47:05', '2021-04-12 03:47:05'),
(163, 7, 'Tremayne Howe', 'Ad quas est voluptatem perferendis repellat. Eius quaerat harum assumenda dolorem voluptas. Error quae sunt quia ipsum repellendus ipsam et. Soluta fugit delectus deleniti enim. Perferendis quis consequuntur maxime qui et unde minus.', 0, '2021-04-12 03:47:05', '2021-04-12 03:47:05'),
(164, 47, 'Marley McClure MD', 'Accusantium consequatur sed aperiam rerum laborum. Odit aut asperiores quis temporibus provident non. Recusandae alias accusantium cumque in ipsum debitis. Exercitationem odio quia dignissimos neque.', 0, '2021-04-12 03:47:05', '2021-04-12 03:47:05'),
(165, 25, 'Ophelia Zieme', 'Ratione beatae aut autem vel enim. Eaque laborum dolorem est enim vitae nisi sed. Id doloribus officiis optio perferendis consequatur dolores consequatur. Fuga nisi consequuntur aut quaerat libero ut culpa.', 3, '2021-04-12 03:47:05', '2021-04-12 03:47:05'),
(166, 19, 'Coby Tillman', 'Quidem voluptatibus tenetur sint quam sunt voluptatem. Et non architecto ut. Ullam voluptatem praesentium dignissimos.', 4, '2021-04-12 03:47:05', '2021-04-12 03:47:05'),
(167, 38, 'Jaden Parker', 'Et dicta magnam molestias. Magni quos corporis ea sit. Debitis officiis sint odio iure facere consequatur. Minima beatae voluptatem nam quos delectus sit soluta.', 1, '2021-04-12 03:47:05', '2021-04-12 03:47:05'),
(168, 5, 'Orrin Crona', 'Sequi sed voluptates dolore soluta dolorem. Minima nam odio commodi sunt est vel. Doloribus et animi non quo ipsum.', 1, '2021-04-12 03:47:05', '2021-04-12 03:47:05'),
(169, 25, 'Emie Leannon', 'Quis voluptate quo ipsam dolores voluptas. Consequatur voluptatem molestiae quibusdam rerum. Ea sunt dolor distinctio doloribus.', 3, '2021-04-12 03:47:05', '2021-04-12 03:47:05'),
(170, 37, 'Mrs. Delores Rice', 'Quaerat quia suscipit consequatur adipisci et minus. Velit dolorum facilis expedita ipsam est. Deleniti asperiores et deleniti dolores.', 4, '2021-04-12 03:47:05', '2021-04-12 03:47:05'),
(171, 33, 'Skye Mayert', 'Eligendi ipsam velit voluptatem. Facere in facere enim et iure nulla. Magnam et ipsam rerum ut vel.', 5, '2021-04-12 03:47:05', '2021-04-12 03:47:05'),
(172, 34, 'Mr. Dalton Haley', 'Doloribus et et veritatis excepturi. Ea rerum ab debitis ut voluptatibus amet. Qui quos enim impedit mollitia temporibus cumque veniam.', 0, '2021-04-12 03:47:05', '2021-04-12 03:47:05'),
(173, 28, 'Tia O\'Conner', 'Est omnis odio numquam ipsam laboriosam. Adipisci doloribus non dolor doloremque enim rerum. Natus dignissimos rerum quos commodi necessitatibus.', 1, '2021-04-12 03:47:06', '2021-04-12 03:47:06'),
(174, 17, 'Anna Kreiger', 'Ab totam facilis distinctio sunt. Est quos culpa vitae sint odio blanditiis aut. Ea quia voluptas consequuntur eaque animi commodi.', 5, '2021-04-12 03:47:06', '2021-04-12 03:47:06'),
(175, 50, 'Mr. Nels Murazik Jr.', 'Accusamus animi eos quia eius soluta veritatis necessitatibus quisquam. Porro possimus dolore quibusdam fugit. Provident vitae aut quia quo. Ipsum corrupti provident ex in vel.', 4, '2021-04-12 03:47:06', '2021-04-12 03:47:06'),
(176, 45, 'Gwendolyn Cummerata', 'Ullam libero dolorum ab expedita molestiae reiciendis accusantium perspiciatis. Unde maiores culpa aliquam assumenda laboriosam at aspernatur. Labore architecto voluptas vel et et quo.', 2, '2021-04-12 03:47:06', '2021-04-12 03:47:06'),
(177, 50, 'Mr. Everardo Schuppe DVM', 'Qui velit voluptates quos dicta. Iusto repellat nesciunt error nobis ut. Sint modi esse est dolor et et vel facilis.', 5, '2021-04-12 03:47:06', '2021-04-12 03:47:06'),
(178, 34, 'Miss Ramona Lesch', 'Eos ipsum ipsam nemo distinctio esse. Quo ea sed quia. Voluptatem autem cum eos debitis.', 4, '2021-04-12 03:47:06', '2021-04-12 03:47:06'),
(179, 11, 'Sammie Metz I', 'Nam maxime laboriosam voluptatem ut sed quo nesciunt. Quos omnis doloribus accusantium ab et atque molestiae. Alias voluptate itaque odio distinctio ut quia. Porro enim laudantium laudantium modi sed tenetur iste.', 5, '2021-04-12 03:47:06', '2021-04-12 03:47:06'),
(180, 23, 'Austyn Armstrong', 'Recusandae sit vel odio numquam. Eos modi magni fuga hic inventore veniam fugit eum. Beatae ab vitae sapiente atque enim et nihil nemo. Totam minus non pariatur et.', 2, '2021-04-12 03:47:06', '2021-04-12 03:47:06'),
(181, 42, 'Caitlyn Predovic', 'Et eius porro suscipit dolores voluptatum. Doloribus voluptas est esse ea. Beatae nulla dolor iusto laudantium. Sed fugit nostrum omnis quibusdam qui.', 1, '2021-04-12 03:47:06', '2021-04-12 03:47:06'),
(182, 13, 'Vincenza Murray Jr.', 'Est ut sequi sint quam consequatur. Quasi repellendus aliquam inventore earum sequi doloremque. Voluptates est pariatur in harum non et eos. Excepturi cumque facilis qui.', 1, '2021-04-12 03:47:06', '2021-04-12 03:47:06'),
(183, 9, 'Bethel Maggio', 'Minus esse totam maiores inventore. Reiciendis sed et nihil ut dignissimos culpa. Dolorum deleniti repudiandae rerum rerum. Voluptas qui aliquam modi facilis sit consequatur.', 5, '2021-04-12 03:47:06', '2021-04-12 03:47:06'),
(184, 17, 'Carli Abernathy', 'Officiis voluptate voluptatem architecto quis veritatis tempora. Quo necessitatibus animi cum deleniti qui. Voluptatem fugit accusamus doloribus soluta quod incidunt quia.', 3, '2021-04-12 03:47:06', '2021-04-12 03:47:06'),
(185, 36, 'Jarred Windler', 'Eaque vero soluta nulla fugit. Sunt natus at dolores dolores neque. Aperiam repudiandae fugit qui at numquam soluta.', 2, '2021-04-12 03:47:06', '2021-04-12 03:47:06'),
(186, 2, 'Emilie Kertzmann', 'Sed non accusantium amet dolores quia. Eius tempora ex eos id reiciendis odit. Quae soluta eaque modi et consequatur.', 4, '2021-04-12 03:47:06', '2021-04-12 03:47:06'),
(187, 40, 'Susana Dare', 'Nihil velit deserunt molestias ipsa non. Non excepturi dolor corporis omnis velit. Quia quasi repellat ipsum odit placeat dolore quia. Laudantium ut id aut aut culpa. Officia unde inventore quos placeat.', 4, '2021-04-12 03:47:06', '2021-04-12 03:47:06'),
(188, 42, 'Natalia Terry DDS', 'Possimus vel eos sunt ut voluptas aut aliquam. Iusto suscipit et ut natus deleniti. Porro soluta dignissimos magni aperiam. Qui quisquam quis et exercitationem sit in odit.', 0, '2021-04-12 03:47:06', '2021-04-12 03:47:06'),
(189, 7, 'Juwan Funk', 'Minus consequatur tenetur cupiditate placeat blanditiis ea illum. Voluptates optio et blanditiis voluptas doloribus. Eum corrupti eos amet velit provident deleniti omnis. Qui consequatur velit repellendus.', 1, '2021-04-12 03:47:06', '2021-04-12 03:47:06'),
(190, 8, 'Kenya Braun', 'In dolor id et. Repellat praesentium voluptates omnis doloremque molestiae aut sit.', 3, '2021-04-12 03:47:06', '2021-04-12 03:47:06'),
(191, 33, 'Ms. Kaela Goyette I', 'Tempora quo dolor ratione culpa omnis illum. Ducimus laboriosam sapiente et minima dolorum.', 2, '2021-04-12 03:47:07', '2021-04-12 03:47:07'),
(192, 37, 'Mr. Tobin Rau III', 'Magnam voluptatem ipsa doloribus quia repellendus cum ut dolorem. Accusantium aut illo officiis quos itaque. Sunt enim fuga nisi animi. Accusamus illum consectetur et placeat.', 4, '2021-04-12 03:47:07', '2021-04-12 03:47:07'),
(193, 17, 'Tess Daniel', 'Delectus esse dolorem qui nostrum repellat necessitatibus. Modi ipsa qui unde maiores impedit. Aut tempore modi explicabo et mollitia.', 2, '2021-04-12 03:47:07', '2021-04-12 03:47:07'),
(194, 39, 'Sigurd Hackett', 'Eos dolorem ratione quis aut voluptatum voluptas. Nobis laborum voluptas qui sit qui. Quo saepe occaecati cum assumenda. Vero facilis ut consequuntur quis.', 3, '2021-04-12 03:47:07', '2021-04-12 03:47:07'),
(195, 5, 'Ms. Hortense McClure', 'Numquam perspiciatis quia accusantium consequatur. Esse in nihil odio similique non. Nostrum totam et molestiae et voluptas optio. Sequi in tempora sed et fugiat.', 0, '2021-04-12 03:47:07', '2021-04-12 03:47:07'),
(196, 36, 'Prof. Andre Bahringer Sr.', 'Excepturi culpa et dolor rerum sapiente ipsum minus. Minima dolorem eius ratione quis vitae. Sint illo sed facilis blanditiis. Rerum omnis et magnam qui accusantium esse in.', 5, '2021-04-12 03:47:07', '2021-04-12 03:47:07'),
(197, 30, 'Ms. Aleen Lockman', 'Sit est quidem consequatur nostrum cupiditate fugiat. Est recusandae hic debitis labore perferendis est quisquam placeat. Et aut nobis nisi repudiandae illo. Voluptatum ex omnis corporis aspernatur numquam autem tenetur dolores.', 4, '2021-04-12 03:47:07', '2021-04-12 03:47:07'),
(198, 12, 'Dr. Baylee Heller', 'Maiores reiciendis dicta harum et ullam dicta. Sit libero voluptas at mollitia quia. Hic nemo et officia velit. Quaerat repellat officiis dolorem.', 5, '2021-04-12 03:47:07', '2021-04-12 03:47:07'),
(199, 37, 'Lawrence Beer', 'Est nesciunt veniam sit dolorum sint dignissimos in. Veniam qui amet sit nesciunt est voluptatem dignissimos sed. Voluptatum fugiat nihil itaque reprehenderit ut.', 2, '2021-04-12 03:47:07', '2021-04-12 03:47:07'),
(200, 43, 'Brent Kulas', 'Accusamus magnam qui voluptates aliquid. Aliquid molestiae dolor a dignissimos aut ut culpa. Voluptatem praesentium omnis ullam nostrum. Maiores reprehenderit sit eos sit ut.', 4, '2021-04-12 03:47:07', '2021-04-12 03:47:07'),
(201, 5, 'Daisy Hoeger', 'Quos pariatur repellat similique quos neque. Facere ut aspernatur quisquam quis eveniet. Ea aut eos aut quis quis. Minus numquam maiores odit laborum.', 3, '2021-04-12 03:47:07', '2021-04-12 03:47:07'),
(202, 7, 'Dr. Johnnie Wiza', 'Exercitationem sit explicabo aliquid tempora voluptatem. Excepturi quibusdam labore mollitia excepturi inventore vitae ut. Enim tempora ut ab ea et sunt molestias et.', 5, '2021-04-12 03:47:07', '2021-04-12 03:47:07'),
(203, 28, 'Dr. Jarod Hoeger PhD', 'Odit ut sed iste a voluptas unde et. Saepe et neque numquam veniam. Magni vitae odio doloremque debitis cumque fugit voluptatem. Quas fuga ut fugit ullam voluptates dolor accusamus.', 4, '2021-04-12 03:47:07', '2021-04-12 03:47:07'),
(204, 1, 'Vito Muller', 'Ea rerum est impedit enim necessitatibus maiores quam. Repellat consequatur est fuga expedita impedit temporibus quia sint. Quis ab est quo illum sapiente expedita.', 1, '2021-04-12 03:47:07', '2021-04-12 03:47:07'),
(205, 17, 'Milo Altenwerth', 'Neque odio qui sint error ullam. Voluptate excepturi perferendis quo incidunt ut eos ut numquam. Corporis facere omnis temporibus expedita ea.', 0, '2021-04-12 03:47:07', '2021-04-12 03:47:07'),
(206, 22, 'Carmen Wisozk', 'Et assumenda iure placeat consequatur voluptatibus. Quaerat dignissimos rerum porro consectetur.', 4, '2021-04-12 03:47:07', '2021-04-12 03:47:07'),
(207, 31, 'Evalyn Steuber', 'Totam sed iure est cupiditate ut autem voluptas harum. Saepe dolorem itaque enim quia consequuntur similique dignissimos sunt. Sint in voluptatum pariatur nisi dolor nobis.', 4, '2021-04-12 03:47:07', '2021-04-12 03:47:07');
INSERT INTO `reviews` (`id`, `product_id`, `customer`, `review`, `star`, `created_at`, `updated_at`) VALUES
(208, 31, 'Cara Schulist', 'Aut rerum dolorem iste odit. Non a eum ratione sit quibusdam rerum et. Perspiciatis nemo nemo sunt aperiam omnis nostrum cum. Hic omnis illo ea aliquam consequatur enim.', 4, '2021-04-12 03:47:07', '2021-04-12 03:47:07'),
(209, 39, 'Jaqueline Hand', 'Dignissimos sit natus laboriosam est. Debitis architecto laboriosam quo asperiores. Illum quae modi similique odio. Explicabo odit maxime explicabo sequi ipsa.', 2, '2021-04-12 03:47:07', '2021-04-12 03:47:07'),
(210, 4, 'Robert Wisozk DDS', 'Blanditiis libero aut eveniet molestiae est. Quibusdam pariatur cum aut qui. Aperiam non voluptates necessitatibus quia non omnis.', 3, '2021-04-12 03:47:08', '2021-04-12 03:47:08'),
(211, 9, 'Vance Crona', 'Amet illum deserunt quo ipsa harum aut. Eos eos quae aliquam soluta reprehenderit repudiandae. Sunt sit labore qui quidem aliquam. Earum quo impedit repudiandae deserunt non et.', 5, '2021-04-12 03:47:08', '2021-04-12 03:47:08'),
(212, 43, 'Marian Armstrong', 'Qui rerum eos temporibus quo. Id laudantium explicabo consequatur vel voluptas quisquam et. Fugiat voluptas eos blanditiis ut doloremque sed et. Est expedita nisi rerum beatae.', 3, '2021-04-12 03:47:08', '2021-04-12 03:47:08'),
(213, 21, 'Florian Marquardt', 'Harum consequatur exercitationem et autem repellat. Sunt perferendis non quisquam quos sunt eaque. Cumque recusandae perferendis voluptatem omnis. Quod necessitatibus voluptas rem vitae.', 1, '2021-04-12 03:47:08', '2021-04-12 03:47:08'),
(214, 49, 'Prof. Lazaro Dickinson DVM', 'Aspernatur suscipit magnam quod. Laborum ut numquam molestias culpa. Veniam temporibus modi culpa officiis consequuntur repudiandae quia. Debitis eaque id nam ipsa consequuntur exercitationem.', 1, '2021-04-12 03:47:08', '2021-04-12 03:47:08'),
(215, 26, 'Ernestina Littel MD', 'Dolores expedita iure omnis atque in et. Culpa odit aliquam sit maiores sed blanditiis provident. Voluptatem sed velit laboriosam asperiores voluptate.', 0, '2021-04-12 03:47:08', '2021-04-12 03:47:08'),
(216, 35, 'Anais Hayes', 'Est mollitia totam perspiciatis illo ea omnis voluptas dignissimos. Dignissimos libero et molestiae et deserunt et hic. Doloribus in velit neque suscipit eum error. Omnis rerum officia nihil soluta ut.', 2, '2021-04-12 03:47:08', '2021-04-12 03:47:08'),
(217, 32, 'Prof. Anna Hackett V', 'Voluptas non ut dolore. Aliquam quia rerum impedit. Autem rerum esse et et. Voluptas magni sint quo unde consequatur laudantium.', 1, '2021-04-12 03:47:08', '2021-04-12 03:47:08'),
(218, 40, 'Rodrick Kozey', 'Quia voluptatem quas provident illum praesentium quos. Quis eum atque ducimus facilis. Consequatur laborum ex doloremque.', 5, '2021-04-12 03:47:08', '2021-04-12 03:47:08'),
(219, 48, 'Miss Ariane Breitenberg III', 'Dicta ipsum voluptatem non voluptates ut laboriosam itaque. Quia a blanditiis sint deserunt ut quia. Enim aut similique repudiandae praesentium non voluptatibus. Beatae consequuntur non nihil. Accusamus architecto consequuntur error eius sit.', 2, '2021-04-12 03:47:08', '2021-04-12 03:47:08'),
(220, 41, 'Amber Zemlak Jr.', 'Illum laborum consequuntur ut consequatur asperiores quod. Dolor consequuntur voluptates placeat sint temporibus. Laboriosam ut eveniet exercitationem sunt sit blanditiis voluptate voluptatibus. Qui nostrum quis a qui odit.', 1, '2021-04-12 03:47:08', '2021-04-12 03:47:08'),
(221, 22, 'Mr. Davon Corwin DVM', 'Quidem ut molestiae earum quis quod error dicta. Et non eum facere repellat. Et fugit tenetur voluptates porro. Quo est voluptas non praesentium. Nam quia doloremque dolorum omnis eos fugit veritatis distinctio.', 3, '2021-04-12 03:47:08', '2021-04-12 03:47:08'),
(222, 3, 'Lillie Bartell Jr.', 'Et labore ut consectetur eos. Minima non est occaecati quas delectus quos cum. Quia dignissimos qui fuga saepe non omnis cumque.', 3, '2021-04-12 03:47:08', '2021-04-12 03:47:08'),
(223, 27, 'Tommie Sawayn IV', 'Natus laudantium omnis odio voluptatibus ex. Beatae et quaerat fuga magnam quas ipsum nihil.', 1, '2021-04-12 03:47:08', '2021-04-12 03:47:08'),
(224, 24, 'Jaron Turcotte', 'Repellat qui atque sit non velit. Aut sed ipsa est occaecati itaque facilis itaque commodi. Pariatur modi qui fuga consequuntur dicta.', 5, '2021-04-12 03:47:08', '2021-04-12 03:47:08'),
(225, 47, 'Gianni Hoeger', 'Ut voluptatum ratione eum. Facilis et porro aspernatur nisi quod consequatur inventore. Temporibus placeat eveniet aliquid expedita possimus dolor.', 5, '2021-04-12 03:47:08', '2021-04-12 03:47:08'),
(226, 38, 'Gerard Donnelly', 'Dolor doloribus vitae corrupti qui ut consectetur. Pariatur vitae vitae et sunt cum. Possimus quis impedit asperiores fuga saepe. Occaecati dolores itaque consequatur ut.', 2, '2021-04-12 03:47:08', '2021-04-12 03:47:08'),
(227, 36, 'Cassie Adams', 'Suscipit eligendi magnam sunt consequatur. Reiciendis accusamus est beatae. Harum aliquid vel aut suscipit et. Animi mollitia dolor quaerat consequatur hic. Aut alias labore sit nobis.', 1, '2021-04-12 03:47:08', '2021-04-12 03:47:08'),
(228, 19, 'Miss Angeline Bins V', 'Aut autem ipsum quaerat corporis. Consequatur dicta eos maiores vero quod vitae optio. Eveniet veniam eius culpa aut magni ut sed.', 5, '2021-04-12 03:47:09', '2021-04-12 03:47:09'),
(229, 6, 'Jazlyn Stanton MD', 'Perspiciatis voluptas eos veniam aut aut fuga fuga ipsum. Quasi quo totam rerum iste est. Illum nesciunt numquam corrupti sunt.', 0, '2021-04-12 03:47:09', '2021-04-12 03:47:09'),
(230, 6, 'Darian Langosh', 'Voluptatibus consequuntur nesciunt et omnis et. Saepe quis dolorem optio perferendis quibusdam. Unde in vel est consequuntur facilis architecto quae. Iste vitae perspiciatis laboriosam.', 1, '2021-04-12 03:47:09', '2021-04-12 03:47:09'),
(231, 47, 'Marlon Hoeger', 'Cupiditate itaque et et maiores. Illum ipsa et omnis ipsa id rerum quas. Consectetur qui laborum non autem.', 3, '2021-04-12 03:47:09', '2021-04-12 03:47:09'),
(232, 28, 'Jarrett Schultz PhD', 'Voluptatem excepturi sed unde repellendus rerum nihil labore. Quo perferendis non et sunt. Ab cum dolor eos quibusdam minima rerum.', 5, '2021-04-12 03:47:09', '2021-04-12 03:47:09'),
(233, 2, 'Dr. Jordi Volkman', 'Et nam officia accusantium numquam officia rem dolor eos. Commodi illo accusantium ipsa voluptatem quia. Voluptate veniam nisi eum ratione necessitatibus voluptas. Rem in error nisi voluptatem qui odit et.', 2, '2021-04-12 03:47:09', '2021-04-12 03:47:09'),
(234, 36, 'Sarai Berge', 'Quo est labore nisi perferendis. Minima unde nihil totam est magni. Velit expedita ad magni molestias dicta.', 3, '2021-04-12 03:47:09', '2021-04-12 03:47:09'),
(235, 22, 'Buster Marvin', 'Non excepturi necessitatibus molestias nihil. Id quae sint itaque. Molestiae accusantium debitis at occaecati. Non quia est ea eos sint recusandae mollitia ipsa.', 0, '2021-04-12 03:47:09', '2021-04-12 03:47:09'),
(236, 23, 'Nikita Feest', 'Natus nostrum accusamus voluptatum reprehenderit nobis distinctio. Ea illum ut et quia neque. Ut itaque qui provident in.', 1, '2021-04-12 03:47:09', '2021-04-12 03:47:09'),
(237, 25, 'Nella Abshire', 'Voluptatem nostrum earum debitis eum pariatur aliquid enim dolorem. Blanditiis adipisci deserunt provident exercitationem sit. Quia doloribus dolore enim et quae qui voluptatum.', 3, '2021-04-12 03:47:09', '2021-04-12 03:47:09'),
(238, 46, 'Ernestina Bartell', 'Perferendis placeat rerum vel nostrum in adipisci. Dolor nemo iste autem. Expedita dolor fugiat iusto cumque ex nulla vel temporibus.', 2, '2021-04-12 03:47:09', '2021-04-12 03:47:09'),
(239, 14, 'Leanne Treutel', 'Soluta est voluptatem eum provident quia. Qui dolor nostrum autem. Quibusdam nulla officia cupiditate et est.', 0, '2021-04-12 03:47:09', '2021-04-12 03:47:09'),
(240, 17, 'Prof. Raymond Kunze I', 'Praesentium et et repellendus porro eos. Excepturi ex architecto voluptatum commodi dolor recusandae earum voluptas. Tempora excepturi excepturi sed beatae. Et quisquam earum et itaque autem tempore quae laborum.', 2, '2021-04-12 03:47:09', '2021-04-12 03:47:09'),
(241, 36, 'Dr. Nelson Schmitt', 'Tempora recusandae inventore sit fugit aut. Velit consequatur itaque possimus eius. Inventore dolorem quis iusto excepturi veritatis temporibus fugiat. Consectetur maiores debitis ut ut possimus.', 3, '2021-04-12 03:47:09', '2021-04-12 03:47:09'),
(242, 50, 'Lula Bartoletti II', 'Quae dolore minus quo assumenda dolores ad omnis. Id ullam veniam est doloribus. Harum et quis quidem porro deserunt fugiat beatae ut.', 5, '2021-04-12 03:47:09', '2021-04-12 03:47:09'),
(243, 1, 'Rick Wilderman II', 'Autem expedita quis illum non quia iusto. Enim cum occaecati non et et. Qui unde dolorem eaque temporibus voluptate delectus deleniti beatae. Nihil expedita qui quasi.', 3, '2021-04-12 03:47:10', '2021-04-12 03:47:10'),
(244, 43, 'Jedediah Schaefer', 'Modi molestiae qui tempora sint ipsam eos. Illo minus et eum repellendus. Dolore et fuga unde alias ex autem similique.', 0, '2021-04-12 03:47:10', '2021-04-12 03:47:10'),
(245, 29, 'Dr. Kip Shields II', 'Natus quibusdam molestias et earum veniam perferendis. Maxime ut aliquam est est. Non ea fugiat quia vel aut totam blanditiis. Laudantium quos illo quia repellat dolores voluptas.', 2, '2021-04-12 03:47:10', '2021-04-12 03:47:10'),
(246, 37, 'Aurelie Bahringer', 'Ad velit incidunt at ea quia architecto. Pariatur illum eligendi velit quidem. Tenetur magnam id totam repellendus fugiat doloremque facere. Laboriosam laudantium aut sed non sit harum eos. Ex optio iure quia voluptates.', 0, '2021-04-12 03:47:10', '2021-04-12 03:47:10'),
(247, 13, 'Ms. Ethelyn Zieme', 'Sint ratione eligendi vitae hic sint. Qui rem non rerum dolor est ut et. Sint quis quia harum eum.', 5, '2021-04-12 03:47:10', '2021-04-12 03:47:10'),
(248, 41, 'Prof. Chet Torphy', 'Nihil sunt dolorem quis molestiae. Rem repudiandae porro qui. Aliquam est laudantium ut vel dolor expedita porro. Ut suscipit optio in quo veritatis delectus recusandae.', 3, '2021-04-12 03:47:10', '2021-04-12 03:47:10'),
(249, 9, 'Mr. Orland Morar Jr.', 'Sint asperiores illum dolores magni quod tempora et. Facilis maiores reprehenderit nam ipsa est. Nemo blanditiis velit id soluta.', 2, '2021-04-12 03:47:10', '2021-04-12 03:47:10'),
(250, 6, 'Abe Kiehn I', 'Ut laudantium ut magni ad. Saepe expedita tempore totam iure asperiores. Consequatur aut natus in voluptatem ea eum.', 1, '2021-04-12 03:47:10', '2021-04-12 03:47:10'),
(251, 38, 'Chauncey Tillman', 'Repellat debitis possimus vero esse accusantium et. Alias aut rerum non sed quasi accusamus. Maxime possimus harum amet.', 4, '2021-04-12 03:47:10', '2021-04-12 03:47:10'),
(252, 5, 'Prof. Carmel Jerde', 'Ad quasi modi in aut sunt itaque. Eum aliquid aut beatae. Distinctio odit debitis sunt nulla. Illo explicabo adipisci placeat molestiae ut quod nemo.', 5, '2021-04-12 03:47:10', '2021-04-12 03:47:10'),
(253, 40, 'Mose Russel', 'Quo molestias suscipit voluptates dolorem laudantium autem rem rerum. Aut hic ut minus mollitia iusto consequatur. Quidem deserunt et sit ipsum enim voluptatem.', 5, '2021-04-12 03:47:10', '2021-04-12 03:47:10'),
(254, 49, 'Zora Casper', 'Animi consequatur quod nobis hic minima vitae. Corrupti ut fugiat maxime in excepturi consequatur est. Illo ab est officia est aut culpa voluptatibus. Laborum aut reiciendis sit rerum.', 4, '2021-04-12 03:47:10', '2021-04-12 03:47:10'),
(255, 37, 'Prof. Rhea Monahan', 'Quaerat dolor delectus est maiores. Quo modi sit cum repudiandae at. Voluptas iusto eaque mollitia commodi qui. Sit similique est praesentium omnis. At quod voluptates quo quia aut accusantium rerum.', 2, '2021-04-12 03:47:10', '2021-04-12 03:47:10'),
(256, 35, 'Marianne Williamson', 'Doloremque quo officia dolorem et tenetur aliquid. Laboriosam aut eos temporibus explicabo fugiat consectetur. Deserunt et voluptatem deleniti nulla et. Voluptatibus accusantium debitis vitae expedita et. Et sed id veritatis explicabo voluptatem repellat tempora.', 4, '2021-04-12 03:47:10', '2021-04-12 03:47:10'),
(257, 14, 'Dr. Avery Zieme', 'Ab et odio labore est quaerat voluptas non. A eos reiciendis vero voluptatem id quo. Ex velit cumque fuga corrupti maiores et eaque.', 4, '2021-04-12 03:47:11', '2021-04-12 03:47:11'),
(258, 27, 'Adonis Schultz', 'Et corporis voluptatem aut consequuntur eligendi rem. Cumque maxime perspiciatis nisi sed non. Hic eos dolorem consequuntur mollitia asperiores. Eum porro eaque qui quaerat quas et atque ratione.', 4, '2021-04-12 03:47:11', '2021-04-12 03:47:11'),
(259, 22, 'Bella Donnelly', 'Voluptatum esse ut sint qui officiis et reiciendis. Et quis doloremque iusto veritatis consequatur quo. Voluptas inventore sed quasi repudiandae. Recusandae vitae atque veritatis iusto.', 0, '2021-04-12 03:47:11', '2021-04-12 03:47:11'),
(260, 3, 'Pablo Little', 'Ipsa doloremque ad impedit quia. Dolore facere sunt voluptate deleniti deserunt id tempore. Ex iusto dolores et placeat sed. Atque laudantium facere distinctio voluptatibus non consequatur eaque.', 4, '2021-04-12 03:47:11', '2021-04-12 03:47:11'),
(261, 2, 'Luna Quitzon', 'Et rerum provident excepturi incidunt esse. Distinctio dicta esse rerum ipsa. Animi cumque beatae in commodi suscipit quaerat ad.', 0, '2021-04-12 03:47:11', '2021-04-12 03:47:11'),
(262, 27, 'Lempi Cartwright DVM', 'Ipsum vitae non aut est cupiditate. Id nesciunt iure quia rerum voluptatibus laborum itaque. Amet error laboriosam magnam dolor.', 3, '2021-04-12 03:47:11', '2021-04-12 03:47:11'),
(263, 24, 'Keaton Collins', 'Incidunt at molestias sunt ipsum voluptatibus qui nesciunt quidem. Tempora provident similique possimus. Modi voluptatem ut tenetur et maiores.', 1, '2021-04-12 03:47:11', '2021-04-12 03:47:11'),
(264, 35, 'Gilberto Kozey II', 'Rerum distinctio cum quasi nostrum aut. Tempore ab corrupti qui et.', 1, '2021-04-12 03:47:11', '2021-04-12 03:47:11'),
(265, 26, 'Terrell Wolff', 'Ea amet autem aut neque consequuntur hic. Dolores pariatur porro quibusdam. Accusantium reprehenderit veritatis ex temporibus sed explicabo quis. Et modi vel iste reprehenderit.', 4, '2021-04-12 03:47:11', '2021-04-12 03:47:11'),
(266, 15, 'Jay Thiel', 'Qui quis facere sunt ratione quis nobis. Id repellendus suscipit corrupti reiciendis. Voluptas animi temporibus quidem quia quia culpa assumenda eius. Aut sint libero omnis inventore corrupti sint nesciunt est.', 1, '2021-04-12 03:47:11', '2021-04-12 03:47:11'),
(267, 7, 'Vincent Von', 'Totam occaecati consequatur quos perferendis. Quae voluptate reprehenderit nisi nam laborum perspiciatis. Ea labore nisi consequatur ut sint possimus accusantium. Odio est unde cumque et eaque.', 5, '2021-04-12 03:47:11', '2021-04-12 03:47:11'),
(268, 13, 'Mrs. Chyna Huels', 'Nisi et dicta nihil quam eum incidunt. Perferendis debitis quisquam hic ut. Quam eos id dignissimos error et omnis eum.', 2, '2021-04-12 03:47:11', '2021-04-12 03:47:11'),
(269, 38, 'Prof. Augustus Stehr', 'Laboriosam doloremque voluptas vel consectetur laboriosam voluptates. Soluta dolore voluptates eveniet veritatis dolorum.', 4, '2021-04-12 03:47:11', '2021-04-12 03:47:11'),
(270, 27, 'Milo Collins', 'Non aut nulla aut facere totam similique. Eum architecto dolorem consequatur eos at nesciunt voluptate. Voluptates eligendi quisquam explicabo nihil. Nihil et sed veritatis amet doloremque eligendi.', 0, '2021-04-12 03:47:11', '2021-04-12 03:47:11'),
(271, 21, 'Clare Hoeger', 'Quis tempore odio autem. Ut et quod sit et ut. Doloribus rerum aut qui ipsa ut velit.', 4, '2021-04-12 03:47:11', '2021-04-12 03:47:11'),
(272, 20, 'Rasheed Abernathy', 'Mollitia iure autem et inventore sint vero. Aut eligendi velit possimus. Aut numquam ea harum.', 2, '2021-04-12 03:47:11', '2021-04-12 03:47:11'),
(273, 19, 'Laura Runolfsdottir', 'Aut pariatur blanditiis hic doloremque minus. Quia ab voluptas non error quis labore. Aut enim molestiae corporis ut quo sunt laudantium. Tenetur totam sit veniam modi deserunt.', 3, '2021-04-12 03:47:11', '2021-04-12 03:47:11'),
(274, 13, 'Lelia Herman', 'Ea praesentium illum cupiditate rem repudiandae dicta animi. Est hic in et quam quis tempore delectus. Neque non delectus et quam.', 5, '2021-04-12 03:47:12', '2021-04-12 03:47:12'),
(275, 32, 'Obie Ullrich', 'Doloribus architecto explicabo aut consequatur quia delectus. Numquam reprehenderit maxime qui aspernatur animi quas est. Corporis ut repellendus sequi qui amet dolorem voluptatum dignissimos.', 4, '2021-04-12 03:47:12', '2021-04-12 03:47:12'),
(276, 11, 'Cecile Maggio', 'Et ducimus vel corporis distinctio nesciunt totam. Est qui veritatis velit explicabo rem. Quo quibusdam numquam asperiores.', 0, '2021-04-12 03:47:12', '2021-04-12 03:47:12'),
(277, 13, 'Shea Hoppe Sr.', 'Amet eos qui expedita ducimus minus est. Explicabo ut voluptatum vitae inventore voluptatem. Eum temporibus corrupti sed. Quo qui voluptas modi est fugiat non voluptas nisi. Deleniti non cum laboriosam id qui.', 1, '2021-04-12 03:47:12', '2021-04-12 03:47:12'),
(278, 9, 'Prof. Mckayla Reichel', 'Vel aut numquam consequatur in. Odit nihil numquam quas voluptas. Natus voluptatem quod nobis impedit vitae corrupti est.', 1, '2021-04-12 03:47:12', '2021-04-12 03:47:12'),
(279, 35, 'Dr. Caleb Gislason', 'Eum libero et sint aliquid iusto. Quam quo et in dignissimos dolore neque maiores velit. Vel enim id illo. Voluptatem commodi quas consequatur quisquam corrupti.', 0, '2021-04-12 03:47:12', '2021-04-12 03:47:12'),
(280, 25, 'Reuben Walker', 'In molestiae totam distinctio dolorem sint eaque sed veritatis. Aut ullam excepturi dolor laborum. Dolor molestiae reprehenderit non nihil mollitia esse.', 4, '2021-04-12 03:47:12', '2021-04-12 03:47:12'),
(281, 4, 'Liam Beahan', 'Et fugiat aliquam suscipit architecto quo dolorem culpa. Eaque distinctio deserunt rerum veritatis et rerum. Possimus eaque blanditiis enim non enim assumenda.', 5, '2021-04-12 03:47:12', '2021-04-12 03:47:12'),
(282, 6, 'Prof. Otilia Bechtelar', 'Sed aut quos natus placeat. Dolore eius dolor modi esse non illum nisi. Aspernatur est ut dolorem.', 2, '2021-04-12 03:47:12', '2021-04-12 03:47:12'),
(283, 33, 'Ms. Rosamond Kuhlman PhD', 'Culpa velit maxime temporibus. Modi et ullam tempore omnis voluptatem aut ipsa. Voluptatem tempore quia quo porro blanditiis odio. Illo nesciunt voluptatem laborum ratione rerum voluptatum.', 0, '2021-04-12 03:47:12', '2021-04-12 03:47:12'),
(284, 23, 'Santiago Trantow', 'Et corporis ad laboriosam voluptatum blanditiis hic aut. Veritatis fugiat tenetur quam impedit. Itaque eveniet quaerat a rerum. Nihil reprehenderit voluptates veritatis nihil pariatur autem cum voluptatum. Necessitatibus sequi molestias qui consectetur excepturi vitae pariatur.', 3, '2021-04-12 03:47:12', '2021-04-12 03:47:12'),
(285, 17, 'Prof. Denis Harvey DVM', 'Quidem impedit et earum et voluptatem. Recusandae consectetur totam eos. Doloribus libero odio molestias odio. Exercitationem commodi exercitationem quasi ut sed.', 5, '2021-04-12 03:47:12', '2021-04-12 03:47:12'),
(286, 19, 'Muhammad Goyette', 'Sapiente dolor et qui eligendi molestias non eaque rerum. Eligendi ea sint repellat odio nesciunt quis ea. Voluptatem optio magni aliquid et nobis dolorem inventore. Excepturi ducimus est earum consequatur laborum aut qui consequatur.', 4, '2021-04-12 03:47:12', '2021-04-12 03:47:12'),
(287, 46, 'Sidney Crona', 'Ea sunt eum accusantium beatae illo et placeat. Tempore quo quia quidem. Ipsam nemo in pariatur dignissimos.', 1, '2021-04-12 03:47:12', '2021-04-12 03:47:12'),
(288, 27, 'Bailee Hirthe', 'Assumenda quasi tempora tempore asperiores nihil in. Laudantium eos vel aperiam ullam. Voluptas sequi molestiae repudiandae illo minima est.', 0, '2021-04-12 03:47:12', '2021-04-12 03:47:12'),
(289, 21, 'Kianna Auer', 'Vel in vel nam itaque deleniti nobis illo ut. Aliquid eligendi molestiae hic possimus qui odit. Explicabo voluptatem nihil quis aut qui distinctio.', 5, '2021-04-12 03:47:12', '2021-04-12 03:47:12'),
(290, 24, 'Jarvis Bartell I', 'Possimus itaque et aut optio est at velit. Quasi asperiores dignissimos quis dicta odio dolorem voluptas.', 1, '2021-04-12 03:47:13', '2021-04-12 03:47:13'),
(291, 13, 'Jamel Murphy', 'Fuga dolore non error voluptas reprehenderit laboriosam qui. Non itaque et consectetur voluptatem ab numquam. Dolores maxime libero unde rerum quaerat cumque.', 1, '2021-04-12 03:47:13', '2021-04-12 03:47:13'),
(292, 20, 'Newell Zulauf', 'Debitis laudantium commodi exercitationem perspiciatis qui ut provident nostrum. Recusandae esse odit cupiditate adipisci libero. Ut incidunt ut modi qui nam ipsam.', 3, '2021-04-12 03:47:13', '2021-04-12 03:47:13'),
(293, 49, 'Jakob Murazik', 'Est sit asperiores quibusdam qui. Et eos quisquam dolor itaque reprehenderit expedita veniam. Non voluptatum aut iure omnis ab repellat perferendis. Consectetur ratione qui itaque quidem ab molestias quia.', 3, '2021-04-12 03:47:13', '2021-04-12 03:47:13'),
(294, 32, 'Dr. Rosendo Gleichner III', 'Ut dolorem et reprehenderit rem rerum iure. Voluptatem est qui rerum esse ipsam occaecati est. Quo est nobis quisquam nemo.', 0, '2021-04-12 03:47:13', '2021-04-12 03:47:13'),
(295, 2, 'Javier Heathcote', 'Voluptate nisi sit ut quibusdam voluptatum rerum modi occaecati. Ipsam eius dignissimos ut saepe et consequatur quis. Minus et maiores ratione autem error consectetur.', 5, '2021-04-12 03:47:13', '2021-04-12 03:47:13'),
(296, 28, 'Ms. Assunta Wiegand', 'Itaque magni est blanditiis. Non sint cumque alias qui. Enim consequatur cum eaque minima porro et assumenda. Error sit aut officia sunt distinctio.', 3, '2021-04-12 03:47:13', '2021-04-12 03:47:13'),
(297, 2, 'Dr. Erich Howe', 'Possimus sed saepe soluta dignissimos odit. Laboriosam aut dolores vitae quis. Et aperiam sint delectus numquam.', 3, '2021-04-12 03:47:13', '2021-04-12 03:47:13'),
(298, 18, 'Marisa Schuster', 'Deleniti eum voluptatem nihil quo rerum iure ducimus expedita. Exercitationem velit ea eum et est eum omnis repellendus. Non cupiditate omnis eius repellendus omnis quod soluta culpa. Odit porro aut unde.', 3, '2021-04-12 03:47:13', '2021-04-12 03:47:13'),
(299, 11, 'Miss Caroline Lind DDS', 'Dolorem vero eos veniam explicabo tempore deserunt. Accusamus dolores quae in rerum. Fugit voluptas quia iure ut voluptatem. Quam animi nulla velit rerum.', 4, '2021-04-12 03:47:13', '2021-04-12 03:47:13'),
(300, 26, 'Miss Pink Tillman', 'Necessitatibus reprehenderit provident eius qui. Expedita est sit quod nisi consequuntur officia. Voluptas et est ducimus excepturi voluptates neque cum ipsa. Dolorum id et corporis non optio porro.', 2, '2021-04-12 03:47:13', '2021-04-12 03:47:13');

-- --------------------------------------------------------

--
-- Table structure for table `users`
--

CREATE TABLE `users` (
  `id` int(10) UNSIGNED NOT NULL,
  `name` varchar(255) COLLATE utf8mb4_unicode_ci NOT NULL,
  `email` varchar(255) COLLATE utf8mb4_unicode_ci NOT NULL,
  `password` varchar(255) COLLATE utf8mb4_unicode_ci NOT NULL,
  `remember_token` varchar(100) COLLATE utf8mb4_unicode_ci DEFAULT NULL,
  `created_at` timestamp NULL DEFAULT NULL,
  `updated_at` timestamp NULL DEFAULT NULL
) ENGINE=InnoDB DEFAULT CHARSET=utf8mb4 COLLATE=utf8mb4_unicode_ci;

--
-- Indexes for dumped tables
--

--
-- Indexes for table `migrations`
--
ALTER TABLE `migrations`
  ADD PRIMARY KEY (`id`);

--
-- Indexes for table `password_resets`
--
ALTER TABLE `password_resets`
  ADD KEY `password_resets_email_index` (`email`);

--
-- Indexes for table `products`
--
ALTER TABLE `products`
  ADD PRIMARY KEY (`id`);

--
-- Indexes for table `reviews`
--
ALTER TABLE `reviews`
  ADD PRIMARY KEY (`id`),
  ADD KEY `reviews_product_id_index` (`product_id`);

--
-- Indexes for table `users`
--
ALTER TABLE `users`
  ADD PRIMARY KEY (`id`),
  ADD UNIQUE KEY `users_email_unique` (`email`);

--
-- AUTO_INCREMENT for dumped tables
--

--
-- AUTO_INCREMENT for table `migrations`
--
ALTER TABLE `migrations`
  MODIFY `id` int(10) UNSIGNED NOT NULL AUTO_INCREMENT, AUTO_INCREMENT=13;

--
-- AUTO_INCREMENT for table `products`
--
ALTER TABLE `products`
  MODIFY `id` int(10) UNSIGNED NOT NULL AUTO_INCREMENT, AUTO_INCREMENT=51;

--
-- AUTO_INCREMENT for table `reviews`
--
ALTER TABLE `reviews`
  MODIFY `id` int(10) UNSIGNED NOT NULL AUTO_INCREMENT, AUTO_INCREMENT=301;

--
-- AUTO_INCREMENT for table `users`
--
ALTER TABLE `users`
  MODIFY `id` int(10) UNSIGNED NOT NULL AUTO_INCREMENT;

--
-- Constraints for dumped tables
--

--
-- Constraints for table `reviews`
--
ALTER TABLE `reviews`
  ADD CONSTRAINT `reviews_product_id_foreign` FOREIGN KEY (`product_id`) REFERENCES `products` (`id`) ON DELETE CASCADE;
COMMIT;

/*!40101 SET CHARACTER_SET_CLIENT=@OLD_CHARACTER_SET_CLIENT */;
/*!40101 SET CHARACTER_SET_RESULTS=@OLD_CHARACTER_SET_RESULTS */;
/*!40101 SET COLLATION_CONNECTION=@OLD_COLLATION_CONNECTION */;
